Num,var1,var2,var3,var4,var5,var6,var7,var8,var9,var10,var11,var12,var13,var14,var15,var16,var17,var18,var19,var20,var21
1,FW,��������,4,"2,062.00",30,50,CN,2014-07-18,2014-10-14,2014-05-26,2014-08-01,2014-08-08,2014-08-15,2014-08-25,2014-09-29,2014-09-29,,,,2014-09-29,�¹�
2,FW,��������,4,"1,167.00",30,50,CN,2014-07-18,2014-10-14,2014-05-26,2014-08-01,2014-08-09,2014-08-15,2014-08-25,2014-10-08,2014-10-08,,,,2014-10-08,�¹�
3,FW,���繮��,4,"6,000.00",30,50,CN,2014-08-18,2014-10-14,2014-07-01,2014-11-18,2014-11-19,2014-11-25,2014-12-04,2014-12-15,2014-12-15,,,,2014-12-16,�¹�
4,FW,��������,4,"1,924.00",30,50,CN,2014-07-18,2014-10-14,2014-05-26,2014-08-01,2014-08-07,2014-08-15,2014-08-27,2014-10-14,2014-10-14,,,,2014-10-14,�¹�
5,FW,����(REV),2,"1,716.00",40,50,CN,2014-09-22,2014-12-08,2014-08-08,,,,,,,,,,,�¹�
6,FW,����(REV),2,449,40,50,CN,2014-09-22,2014-12-08,2014-08-08,,,,,,,,,,,�¹�
7,FW,����(REV),2,"1,718.00",40,50,CN,2014-09-22,2014-12-08,2014-08-08,,,,,,,,,,,�¹�
8,FW,����(REV),2,487,40,50,CN,2014-09-22,2014-12-08,2014-08-08,,,,,,,,,,,�¹�
9,PG,��������,4,"4,446.00",30,50,DSS,2014-08-18,2014-10-14,2014-07-01,2014-08-21,2014-08-29,2014-09-02,2014-09-10,2014-09-13,2014-09-13,2014-10-07,2014-10-11,2014-10-11,2014-10-13,����
10,PG,��������,4,200,30,50,DSS,2014-07-18,2014-10-14,2014-05-30,2014-06-11,2014-06-18,2014-06-20,2014-11-12,2014-11-14,2014-11-14,2014-11-20,2014-11-28,2014-11-29,2014-11-29,����
11,PG,LT����,4,"6,000.00",,50,DSS,2014-08-20,2014-10-27,2014-09-26,2014-10-21,2014-10-21,2015-03-05,2015-03-14,2015-03-20,2015-03-20,2015-03-27,2015-03-31,2015-04-01,2015-04-03,�Ǿؿ�
12,PG,LT����,4,"6,000.00",,50,DSS,2014-08-20,2014-10-27,2014-09-26,2014-10-21,2014-10-21,2014-11-05,2014-11-14,2014-11-19,2014-11-19,2014-12-16,2014-12-22,2014-12-22,2014-12-23,�Ǿؿ�
13,PG,LT����,4,"1,086.00",,50,DSS,2014-08-20,2014-11-01,2014-09-26,2014-10-21,2014-10-21,2014-12-23,2015-01-12,2015-02-24,2015-02-24,2015-03-06,2015-03-16,2015-03-16,2015-03-18,�Ǿؿ�
14,PG,��������,3,"1,241.00",40,50,DSS,2014-09-01,2014-12-08,2014-06-13,2014-07-17,2014-07-18,2014-07-28,2014-09-17,2014-09-25,2014-09-25,2014-10-07,2014-10-14,2014-10-30,2014-10-30,����
15,PG,��������,6,0,40,50,DSS,2014-09-01,2014-12-08,2014-06-13,2014-07-08,2014-07-09,2014-07-17,2015-03-17,2014-07-31,2014-07-31,2014-08-12,2014-08-19,2014-08-21,2014-08-21,����
16,PG,��������,6,"5,511.00",40,50,DSS,2014-09-01,2014-12-08,2014-07-01,2014-07-23,2014-11-11,2014-11-13,2014-11-17,2014-11-18,2014-11-18,2014-11-29,2014-12-08,2014-12-09,2014-12-09,����
17,PL,����(REV),8,"4,572.00",40,50,DSS,2014-09-22,2014-12-08,2014-08-08,,,,,,,,,,,����
18,PL,����(REV),8,"6,000.00",40,50,DSS,2014-09-22,2014-12-08,2014-08-08,2014-08-22,2014-09-02,2014-09-04,2014-09-24,,,,,,,����
19,PL,����(REV),8,"5,500.00",40,50,DSS,2014-09-22,2014-12-08,2014-08-08,2014-08-22,2014-08-29,2014-09-02,2014-09-10,2014-09-13,2014-09-13,,,,,����
20,PL,����(REV),8,"1,181.00",40,50,DSS,2014-09-22,2014-12-08,2014-08-08,2014-08-25,2014-08-30,2014-09-02,2014-09-22,,,,,,,����
21,PG,��������,24,294,,50,DSS,2014-09-22,2014-10-21,2014-08-26,2014-12-01,2015-01-16,2014-12-19,2015-01-29,2015-02-03,2015-02-03,2015-02-06,2015-02-13,2015-02-13,2015-02-15,����
22,PG,����(REV),24,"2,290.00",40,50,DSS,2014-09-19,2015-02-15,2015-01-08,2015-02-11,2015-02-11,2015-02-25,2015-03-03,2015-03-25,2015-03-25,2015-03-30,2015-04-09,2015-04-09,2015-04-10,����
23,PG,��������,2,101,40,50,DSS,2014-09-22,2014-12-08,2014-08-08,2014-08-19,2014-08-19,2014-08-21,2014-09-05,2014-09-17,2014-09-17,2014-10-10,2014-10-15,2014-10-15,2014-10-16,����
24,PG,����(REV),24,"2,568.00",,50,DSS,2014-09-22,2014-10-21,2014-08-26,2015-01-27,2015-02-02,2015-02-27,2015-03-12,2015-03-13,2015-03-13,2015-03-18,2015-03-24,2015-03-24,2015-03-26,����
25,PG,��������,2,101,40,50,DSS,2014-09-22,2014-12-08,2014-08-08,2014-09-26,2014-09-26,2014-10-07,2014-10-09,2014-10-15,2014-10-15,2014-10-29,2014-11-05,2014-11-17,2014-11-17,����
26,PL,,0.75,91,40,50,DSS,,2014-12-08,,,,,,,,,,,,
27,IA,����(REV),1.5,"1,618.00",,50,DSS,2014-09-22,2014-10-21,2014-09-04,,,,,,,,,,,����
28,PL,����(REV),6,473,40,50,DSS,2014-09-22,2014-12-08,2014-08-08,,,,,,,,,,,����
29,PL,����(REV),6,615,40,50,DSS,2014-09-22,2014-12-08,2014-08-08,,,,,,,,,,,����
30,PL,����(REV),6,"1,145.00",40,50,DSS,2014-09-22,2014-12-08,2014-08-08,,,,,,,,,,,����
31,PG,,2,0,60,60,DSS,,2014-11-18,,,,,,,,,,,,
32,DH,����(REV),3,663,40,50,SDSS,2014-09-01,2014-12-08,2014-06-18,2014-08-02,2014-09-11,2014-09-11,2014-09-20,,,,,,,�Ǿؿ�
33,DH,����(REV),3,"4,877.00",30,50,SDSS,2014-08-18,2014-10-14,2014-07-01,,,,,,,,,,,�Ǿؿ�
34,DH,����(REV),3,"1,198.00",40,50,SDSS,2014-09-01,2014-12-08,2014-07-01,,,,,,,,,,,�Ǿؿ�
35,VA,,6,739,40,50,DSS,,2014-12-08,,,,,,,,,,,,
36,VA,,6,478,40,50,DSS,,2014-12-08,,,,,,,,,,,,
37,VA,,6,"5,631.00",40,50,DSS,,2014-12-08,,,,,,,,,,,,
38,VA,,2,"3,184.00",40,50,SDSS,,2014-12-08,,,,,,,,,,,,
39,VA,,2,"2,133.00",40,50,SDSS,,2014-12-08,,,,,,,,,,,,
40,GD,��������,3,"2,471.00",40,50,CS,2014-09-01,2015-01-18,2014-06-20,2014-07-09,2014-07-09,2014-07-15,,2014-07-18,2014-07-19,2014-07-22,2014-07-31,2014-08-11,2014-08-12,����
41,GD,��������,3,903,40,50,CS,2014-09-01,2015-01-18,2014-07-01,2014-07-16,2014-07-17,2014-08-28,2014-09-11,2014-09-11,2014-09-24,2014-09-26,2014-10-07,2014-10-15,2014-10-17,����
42,GD,��������,3,"5,336.00",40,50,CS,2014-09-01,2015-01-18,2014-07-01,2014-07-18,2014-07-21,2014-07-30,2014-07-30,2014-07-31,2014-07-31,2014-08-08,2014-08-19,2014-08-20,2014-08-20,����
43,GT,��������,3,"2,472.00",40,50,CS,2014-09-01,2015-01-18,2014-06-20,2014-07-09,2014-07-09,2014-07-22,,2014-07-24,2014-07-25,2014-08-01,2014-08-21,2014-08-27,2014-08-27,����
44,GT,��������,3,700,40,50,CS,2014-09-01,2015-01-18,2014-07-01,2014-07-16,2014-07-17,2014-08-09,,2014-09-11,2014-09-24,2014-09-26,2014-10-09,2014-10-14,2014-10-14,����
45,GT,��������,3,"4,456.00",40,50,CS,2014-09-01,2015-01-18,2014-07-01,2014-07-17,2014-07-18,2014-07-23,2014-07-24,2014-07-24,2014-07-25,2014-08-01,2014-08-21,2014-08-27,2014-08-27,����
46,PA,��������,2,"2,338.00",60,60,CS,2014-09-01,2015-03-24,2014-07-28,2014-08-18,2014-08-18,2014-09-23,2014-10-17,2014-10-20,2014-10-21,2014-10-29,2014-11-17,2014-11-20,2014-11-20,����
47,FW,��������,6,"1,000.00",40,50,CN,2014-09-01,2015-01-18,2014-06-20,2014-07-30,2014-07-30,2014-08-15,,2014-08-20,2014-08-20,,,,2014-08-22,�¹�
48,FW,����(REV),6,"3,112.00",40,50,CN,2014-09-01,2015-01-18,2014-07-23,2014-08-26,2014-09-03,2014-09-22,,2014-10-08,2014-10-08,,,,2014-10-08,�¹�
49,FW,��������,6,650,40,50,CN,2014-09-01,2015-01-18,2014-07-01,2014-08-08,2014-08-12,2014-08-15,2014-09-16,2014-09-29,2014-09-29,,,,2014-09-29,�¹�
50,FW,LT����,2,"3,898.00",,50,CN,2014-09-26,2014-12-13,2014-11-04,2014-12-01,2014-12-06,2014-12-09,2014-12-18,2014-12-20,2014-12-20,,,,2014-12-20,�¹�
51,FW,��������,4,205,40,50,CN,2014-09-01,2015-01-18,2014-07-28,2014-10-17,2014-10-22,2014-10-23,2014-10-30,2014-11-05,2014-11-05,,,,2014-11-06,�¹�
52,FW,��������,2,"3,288.00",40,50,CN,2014-09-01,2015-01-18,2014-07-28,2014-11-13,2014-11-15,2014-11-18,2014-11-26,2014-11-29,2014-11-29,,,,2014-11-29,�¹�
53,FW,��������,2,"6,000.00",40,50,CN,2014-09-01,2015-01-18,2014-07-28,2014-09-29,2014-10-01,2014-10-07,2014-10-18,2014-10-20,2014-10-20,,,,2014-10-20,�¹�
54,FW,LT����,2,746,,50,CN,2014-09-26,2014-11-20,2014-10-14,2014-10-30,2014-11-10,2014-11-13,2014-11-26,2014-11-29,2014-11-29,,,,2014-11-29,�¹�
55,FW,��������,2,"4,913.00",40,50,CN,2014-09-01,2015-01-18,2014-07-28,2014-10-17,2014-10-20,2014-10-21,2014-10-30,2014-11-05,2014-11-05,,,,2014-11-06,�¹�
56,FW,��������,2,"5,254.00",40,50,CN,2014-09-01,2015-01-18,2014-07-28,2014-09-29,2014-10-22,2014-10-23,2014-10-30,2014-11-05,2014-11-05,,,,2014-11-06,�¹�
57,FW,����(REV),2,700,,50,CN,2014-09-26,2014-11-01,2014-09-25,2014-10-29,2014-11-05,2014-11-06,2014-11-13,2014-11-15,2014-11-15,,,,2014-11-15,�¹�
58,FW,��������,2,"3,036.00",40,50,CN,2014-09-01,2015-01-18,2014-07-28,2014-10-21,2014-10-23,2014-10-28,2014-11-12,2014-11-15,2014-11-15,,,,2014-11-15,�¹�
59,FW,����(REV),2,750,,50,CN,2014-09-26,2014-11-01,2014-09-25,2014-10-29,2014-11-08,2014-11-13,2014-12-04,2014-12-09,2014-12-09,,,,2014-12-09,�¹�
60,FW,LT����,2,"3,440.00",,50,CN,2014-09-26,2014-12-13,2014-11-04,2014-11-20,2014-12-15,2014-12-17,2014-12-24,2015-01-03,2015-01-03,,,,2015-01-05,�¹�
61,FW,LT����,2,"3,706.00",,50,CN,2014-09-26,2014-12-13,2014-11-04,2014-12-01,2014-12-04,2014-12-09,2014-12-18,2014-12-20,2014-12-20,,,,2014-12-20,�¹�
62,FW,��������,2,"4,645.00",40,50,CN,2014-09-01,2015-01-18,2014-07-28,2014-09-29,2014-10-31,2014-11-04,2014-11-13,2014-11-15,2014-11-15,,,,2014-11-15,�¹�
63,FW,����(REV),2,700,,50,CN,2014-09-26,2014-11-01,2014-09-25,2014-10-29,2014-11-11,2014-11-13,2014-11-26,2014-11-29,2014-11-29,,,,2014-11-29,�¹�
64,FW,��������,2,"3,364.00",40,50,CN,2014-09-01,2015-01-18,2014-07-28,2014-11-17,2014-11-25,2014-11-27,2014-12-18,2014-12-20,2014-12-20,,,,2014-12-20,�¹�
65,FW,����(REV),2,700,,50,CN,2014-09-26,2014-11-01,2014-09-25,2014-10-29,2014-11-11,2014-11-13,2014-12-04,2014-12-09,2014-12-09,,,,2014-12-09,�¹�
66,FW,��������,2,"6,000.00",40,50,CN,2014-09-01,2015-01-18,2014-07-28,2014-09-29,2014-10-01,2014-10-07,2014-10-18,2014-10-20,2014-10-20,,,,2014-10-20,�¹�
67,FW,��������,2,"6,023.00",40,50,CN,2014-09-01,2015-01-18,2014-07-28,2014-09-29,2014-10-01,2014-10-10,2014-10-18,2014-10-20,2014-10-20,,,,2014-10-20,�¹�
68,FW,,1,800,,60,CN,,2015-06-13,,,,,,,,,,,,
69,FW,,1,800,,60,CN,,2015-06-13,,,,,,,,,,,,
70,DX,��������,2,"1,000.00",60,60,DSS,2014-11-21,2015-03-24,2014-09-15,2014-10-03,2014-10-03,2014-10-07,,2014-10-07,2014-10-11,2014-10-15,2014-10-30,2014-10-30,2014-11-01,���ϻ���
71,DX,��Ÿ,2,"1,613.00",60,60,DSS,2014-11-21,2015-03-24,2014-10-03,2014-10-20,2014-10-28,2014-11-03,2014-11-05,2014-11-05,2014-11-13,2014-12-05,2014-12-15,2014-12-15,2014-12-18,���ϻ���
72,DX,��������,2,"1,408.00",60,60,DSS,2014-11-21,2015-03-24,2014-09-15,2014-10-01,2014-10-03,2014-10-08,2014-10-10,2014-10-13,2014-10-18,2014-10-24,2014-11-06,2014-11-06,2014-11-10,���ϻ���
73,WS,LT����,1,"1,000.00",,50,DSS,2014-09-26,2014-11-01,2014-09-25,2014-10-11,2014-10-15,2014-10-20,2014-10-21,2014-10-22,2014-10-27,2014-11-06,2014-11-17,2014-11-17,2014-11-19,���ϻ���
74,WS,LT����,1,"1,452.00",,50,DSS,2014-09-26,2014-11-01,2014-09-25,2014-10-14,2014-10-16,2014-10-21,2014-10-22,2014-10-23,2014-10-29,2014-11-07,2014-11-18,2014-11-18,2014-11-20,���ϻ���
75,WS,��������,1,848,40,50,DSS,2014-09-01,2015-01-18,2014-06-20,2014-07-25,2014-07-30,2014-08-18,2014-08-21,2014-09-19,2014-09-19,2014-10-01,2014-10-06,2014-10-10,2014-10-11,����
76,WS,LT����,1,"1,000.00",,50,DSS,2014-09-26,2014-11-01,2014-09-25,2014-10-11,2014-10-15,2014-10-20,2014-10-21,2014-10-22,2014-10-27,2014-11-06,2014-11-17,2014-11-17,2014-11-19,���ϻ���
77,WS,LT����,1,"2,516.00",,50,DSS,2014-09-26,2014-11-01,2014-09-25,2014-10-13,2014-10-13,2014-10-17,2014-10-18,2014-10-21,2014-10-24,2014-11-06,2014-11-17,2014-11-17,2014-11-19,���ϻ���
78,WS,��������,1,"2,856.00",40,50,DSS,2014-09-01,2015-01-18,2014-06-20,2014-07-28,2014-07-28,2014-07-31,,2014-07-31,2014-07-31,2014-08-12,2014-08-19,2014-08-21,2014-08-21,����
79,WS,LT����,2,"2,528.00",60,60,DSS,2014-11-21,2014-12-20,2014-11-12,2014-11-27,2014-11-29,2014-12-04,2014-12-06,2014-12-05,2014-12-10,2014-12-18,2015-01-15,2015-01-15,2015-01-15,���ϻ���
80,DX,��������,2,"4,111.00",40,50,DSS,2014-09-01,2015-01-18,2014-07-28,2014-09-11,2014-09-12,2014-09-16,2014-09-21,2014-09-23,2014-09-23,2014-10-09,2014-10-21,2014-10-22,2014-10-22,����
81,DX,��������,2,"1,000.00",40,50,DSS,2014-09-01,2015-01-18,2014-07-28,2014-08-08,2014-08-19,2014-08-21,,2014-08-26,2014-08-26,2014-09-01,2014-09-06,2014-09-06,2014-09-10,����
82,PG,����(REV),24,924,,50,DSS,2014-10-30,2014-10-21,2015-05-26,,,,,,,,,,,�Ǿؿ�
83,PG,����(REV),24,"5,600.00",,50,DSS,2014-10-21,2015-02-15,2015-01-08,2015-02-05,2015-02-05,2015-02-12,2015-03-16,2015-03-17,2015-03-17,2015-03-19,2015-03-25,2015-03-25,2015-03-30,����
84,PG,����(REV),24,"4,916.00",,50,DSS,2014-10-30,2014-12-15,2014-11-06,2015-01-15,2015-03-19,2015-03-23,2015-03-24,2015-03-27,2015-03-27,2015-04-01,2015-04-10,2015-04-10,2015-04-10,����
85,PG,����(REV),24,"5,400.00",,50,DSS,2014-10-21,2014-10-21,2015-04-02,2015-05-28,2015-05-30,2015-06-04,2015-06-15,2015-06-15,2015-06-19,,,,,���ϻ���
86,PG,����(REV),24,"3,693.00",,50,DSS,2014-10-30,2014-12-15,2014-11-06,2014-12-11,2014-12-16,2014-12-18,2014-12-24,2015-01-03,2015-01-03,2015-01-07,2015-01-12,2015-01-12,2015-01-13,����
87,PG,����(REV),24,"5,400.00",,50,DSS,2014-10-21,2014-10-21,2015-04-02,2015-05-28,2015-05-30,2015-06-04,2015-06-11,2015-06-12,2015-06-17,,,,,���ϻ���
88,PG,����(REV),24,"1,625.00",,50,DSS,2014-10-30,2014-12-15,2014-11-06,2015-03-14,2015-03-14,2015-03-17,2015-03-17,2015-03-19,2015-03-19,2015-04-01,2015-04-10,2015-04-10,2015-04-10,����
89,PG,��������,2,750,,50,DSS,2014-09-24,2014-10-27,2014-09-04,2014-10-06,2014-10-13,2014-10-15,2014-10-20,2014-10-28,2014-10-28,2014-11-26,2014-12-05,2014-12-05,2014-12-05,����
90,PF,���躸��,10,0,,50,DSS,2014-10-16,2014-11-29,2014-10-14,2015-01-21,2015-01-21,2015-01-27,2015-01-31,2015-02-02,,,,,,����
91,PF,���躸��,10,0,,50,DSS,2014-10-30,2014-11-29,2014-10-29,,,,,,,,,,,����
92,PF,LT����,30,0,,50,DSS,2014-11-29,2014-11-29,2015-05-20,,,,,,,,,,,�Ǿؿ�
93,PF,LT����,12,0,,50,DSS,2014-11-29,2015-03-20,2015-02-09,2015-04-03,2015-04-03,2015-04-07,2015-04-21,2015-04-21,2015-04-21,2015-04-27,2015-05-02,2015-05-02,2015-05-07,����
94,PF,����(REV),12,0,,50,,2014-10-30,2015-01-10,2014-12-04,2015-01-23,2015-01-23,2015-04-21,2015-04-28,2015-04-29,2015-04-29,2015-05-06,2015-05-09,2015-05-12,2015-05-12,�Ǿؿ�
95,PG,��������,12,0,,50,DSS,2014-10-16,2014-11-29,2014-10-14,2014-11-03,2014-11-28,2014-12-04,2014-12-12,2014-12-16,2014-12-17,2014-12-24,2015-01-02,2015-01-02,2015-01-02,����
96,PG,LT����,12,0,,50,DSS,2014-10-30,2015-04-20,2015-03-13,,,,,,,,,,,�Ǿؿ�
97,PG,LT����,12,0,,50,DSS,2014-10-30,2015-04-20,2015-03-13,2015-06-17,,,,,,,,,,�Ǿؿ�
98,PG,��������,2,468,,50,DSS,2014-10-16,2014-11-29,2014-10-14,2014-10-28,2014-10-28,2014-11-07,2015-01-10,2015-01-30,2015-01-30,2015-02-04,2015-02-09,2015-02-09,2015-02-10,����
99,PL,,12,"2,503.00",60,60,DSS,,2015-03-24,,,,,,,,,,,,
100,PL,����(REV),12,"5,671.00",60,60,DSS,2014-11-18,2015-03-24,2015-01-19,2015-05-16,2015-05-18,2015-05-22,2015-05-23,2015-05-26,2015-05-29,2015-06-03,2015-06-10,2015-06-10,2015-06-12,���ϻ���
101,IA,��Ÿ,1.5,"5,050.00",60,60,DSS,2014-11-18,2015-03-24,2015-01-15,2015-01-24,2015-01-29,2015-02-03,2015-02-05,2015-02-04,2015-02-09,2015-02-13,2015-03-03,2015-03-03,2015-03-10,���ϻ���
102,IA,��Ÿ,1.5,"1,650.00",60,60,DSS,2014-11-18,2015-03-24,2015-01-15,2015-01-24,2015-01-26,2015-01-29,2015-01-30,2015-01-30,2015-02-04,2015-02-09,2015-02-26,2015-02-26,2015-03-03,���ϻ���
103,IA,��Ÿ,1.5,"1,122.00",60,60,DSS,2014-11-18,2015-03-24,2015-01-15,2015-01-24,2015-01-30,2015-02-04,2015-02-05,2015-02-05,2015-02-11,2015-02-24,2015-03-08,2015-03-08,2015-03-12,���ϻ���
104,DX,LT����,2,"3,113.00",40,50,DSS,2015-01-18,2015-04-10,2015-03-04,2015-04-13,2015-04-13,2015-04-16,,2015-04-24,2015-04-30,2015-05-07,2015-05-20,2015-05-20,2015-05-20,���ϻ���
105,DX,LT����,2,"1,857.00",40,50,DSS,2015-01-18,2015-04-10,2015-03-04,2015-03-16,2015-03-17,2015-03-19,2015-03-24,2015-03-24,2015-03-27,2015-04-15,2015-04-27,2015-04-27,2015-04-29,���ϻ���
106,PL,����(REV),4,0,40,50,DSS,2015-01-11,2015-01-18,2015-02-03,,,,,,,,,,,����
107,PL,����(REV),4,604,40,50,DSS,2015-01-11,2015-01-18,2015-02-03,,,,,,,,,,,����
108,PL,����(REV),4,0,40,50,DSS,2015-01-11,2015-01-18,2015-02-03,,,,,,,,,,,����
109,PL,,4,553,40,50,DSS,,2015-01-18,,,,,,,,,,,,
110,PL,����(REV),4,0,40,50,DSS,2015-01-11,2015-01-18,2015-02-03,,,,,,,,,,,����
111,PL,,4,604,40,50,DSS,,2015-01-18,,,,,,,,,,,,
112,PL,����(REV),4,0,40,50,DSS,2015-01-11,2015-01-18,2015-02-03,,,,,,,,,,,����
113,PL,,4,605,40,50,DSS,,2015-01-18,,,,,,,,,,,,
114,PL,����(REV),4,0,40,50,DSS,2015-01-11,2015-01-18,2015-02-03,,,,,,,,,,,����
115,PL,,4,604,40,50,DSS,,2015-01-18,,,,,,,,,,,,
116,PL,,3,"1,700.00",40,50,DSS,,2015-01-18,,,,,,,,,,,,
117,PL,,3,"2,469.00",40,50,DSS,,2015-01-18,,,,,,,,,,,,
118,PL,LT����,3,"1,681.00",40,50,DSS,2015-01-11,2015-03-15,2015-02-03,2015-02-11,2015-02-16,2015-02-24,2015-02-27,2015-03-06,2015-03-06,2015-03-10,2015-03-18,2015-03-18,2015-03-20,����
119,PL,,3,"1,500.00",40,50,DSS,,2015-01-18,,,,,,,,,,,,
120,PL,����(REV),3,922,40,50,DSS,2015-01-11,2015-01-18,2015-02-03,,,,,,,,,,,����
121,PL,����(REV),3,705,40,50,DSS,2015-01-11,2015-01-18,2015-02-03,,,,,,,,,,,����
122,PL,����(REV),3,857,40,50,DSS,2015-01-11,2015-01-18,2015-02-03,,,,,,,,,,,����
123,PL,����(REV),3,"1,100.00",40,50,DSS,2015-01-11,2015-01-18,2015-02-03,,,,,,,,,,,����
124,PL,����(REV),3,"1,929.00",40,50,DSS,2015-01-11,2015-01-18,2015-02-03,,,,,,,,,,,����
125,PL,����(REV),3,"1,933.00",40,50,DSS,2015-01-11,2015-01-18,2015-02-03,,,,,,,,,,,����
126,PG,����(REV),24,"3,215.00",40,50,DSS,2015-01-21,2015-03-20,2015-02-13,2015-02-15,2015-02-15,2015-02-27,2015-03-17,2015-03-20,2015-03-20,2015-03-23,2015-04-02,2015-04-02,2015-04-07,����
127,NI,����(REV),2,"1,755.00",40,50,DSS,2015-01-18,2015-01-18,2015-04-27,2015-05-13,2015-05-13,2015-05-15,2015-05-19,2015-05-26,2015-05-26,2015-05-29,2015-06-08,2015-06-08,2015-06-10,����
128,NI,����(REV),2,"2,859.00",40,50,DSS,2015-01-18,2015-01-18,2015-04-27,2015-05-14,2015-05-15,2015-05-19,2015-05-21,2015-05-22,2015-05-22,2015-05-27,2015-06-01,2015-06-01,2015-06-08,����
129,PG,LT����,2,0,60,60,DSS,2014-11-18,2015-05-15,2015-04-10,,,,,,,,,,,����
130,FW,��������,3,"1,968.00",40,50,TN,2014-09-01,2015-01-18,2014-06-18,2014-06-27,2014-06-27,2014-07-01,2014-11-20,2014-07-22,2014-07-22,2014-07-26,2014-07-31,2014-07-31,2014-07-31,����
131,FW,����(REV),3,950,,50,TN,2014-09-26,2014-12-13,2014-10-08,2014-12-27,2014-12-27,2015-01-07,2015-01-22,2015-01-15,2015-01-16,2015-01-20,2015-01-26,2015-01-29,2015-01-29,����
132,FW,����(REV),3,"1,368.00",,50,TN,2014-09-26,2014-12-13,2014-10-08,2014-12-20,2014-12-20,2015-01-05,,2015-03-06,2015-03-06,2015-04-01,2015-04-10,2015-04-10,2015-04-14,����
133,FW,����(REV),3,"2,929.00",40,50,TN,2014-09-01,2015-01-18,2014-07-10,2014-07-19,2014-07-19,2014-07-25,,2014-08-20,2014-08-20,2014-09-11,2014-09-19,2014-09-19,2014-09-19,����
134,BL,��������,12,"1,356.00",60,60,TN,2014-11-21,2015-03-24,2014-09-26,2014-10-03,2014-10-07,2014-10-14,2014-10-17,2014-10-20,2014-10-20,2014-10-28,2014-11-02,2014-11-02,2014-11-03,����
135,BL,��������,12,"2,429.00",40,50,TN,2014-09-26,2015-01-18,2014-08-21,2014-09-02,2014-09-04,2014-10-07,2014-10-13,2014-10-13,2014-10-13,2014-10-15,2014-10-21,2014-10-21,2014-10-21,����
136,NI,��������,2,"6,000.00",40,50,CS,2014-08-25,2015-02-06,2014-08-08,2014-10-20,2014-10-20,2014-11-06,,2014-11-13,2014-11-13,2014-11-25,2014-12-26,2014-12-27,2014-12-27,����
137,NI,��������,2,"6,000.00",40,50,CS,2014-08-21,2015-02-06,2014-07-01,2014-07-22,2014-07-23,2014-08-14,2014-08-16,2014-08-15,2014-08-15,2014-08-21,2014-08-30,2014-09-03,2014-09-04,����
138,NI,��������,2,"3,150.00",40,50,CS,2014-08-25,2015-02-06,2014-08-08,2014-10-13,2014-10-13,2014-11-06,2014-11-12,2014-11-13,2014-11-13,2014-11-25,2014-12-26,2014-12-27,2014-12-27,����
139,PA,��������,3,"2,512.00",40,50,CS,2014-09-01,2015-02-06,2014-07-01,2014-07-14,2014-07-14,2014-07-22,2014-09-25,2014-09-29,2014-09-30,2014-10-14,2014-10-25,2014-11-03,2014-11-03,����
140,PA,����(REV),3,"1,998.00",40,50,CS,2014-08-21,2015-02-06,2014-07-01,2014-07-17,2014-07-18,2014-08-25,2014-09-05,2014-09-11,2014-09-24,2014-09-26,2014-10-09,2014-10-14,2014-10-14,����
141,PA,����(REV),3,"2,620.00",40,50,CS,2014-08-25,2015-02-06,2014-08-08,2014-10-27,2014-10-27,2014-11-06,2014-11-12,2014-11-13,2014-11-13,2014-11-25,2014-12-26,2014-12-27,2014-12-27,����
142,PA,��������,3,"6,000.00",40,50,CS,2014-08-21,2015-02-06,2014-07-01,2014-07-14,2014-07-14,2014-07-30,2014-07-30,2014-07-31,2014-07-31,2014-08-08,2014-08-19,2014-08-20,2014-08-20,����
143,PA,��������,3,"2,570.00",40,50,CS,2014-08-25,2015-02-06,2014-08-08,2014-10-22,2014-10-22,2014-11-06,2014-11-14,2014-11-15,2014-11-15,2014-11-27,2014-12-17,2014-12-20,2014-12-20,����
144,FW,��������,6,"5,194.00",60,60,CN,2014-11-21,2015-03-24,2014-10-03,2014-11-18,2014-11-20,2014-11-25,2014-12-01,2014-12-06,2014-12-06,,,,2014-12-06,�¹�
145,FW,��������,2,"6,000.00",40,50,CN,2014-09-29,2015-02-06,2014-08-08,2014-09-29,2014-10-01,2014-10-10,2014-10-18,2014-10-20,2014-10-20,,,,2014-10-20,�¹�
146,FW,��������,4,455,40,50,CN,2014-09-29,2015-02-06,2014-08-08,2014-10-07,2014-10-15,2014-10-16,2014-10-30,2014-11-05,2014-11-05,,,,2014-11-06,�¹�
147,FW,��������,2,"3,187.00",40,50,CN,2014-09-29,2015-02-06,2014-08-08,2014-10-17,2014-10-22,2014-10-23,2014-10-30,2014-11-05,2014-11-05,,,,2014-11-06,�¹�
148,FW,��������,4,"2,772.00",40,50,CN,2014-09-26,2015-02-06,2014-12-03,2014-12-16,2014-12-23,2014-12-26,2014-12-29,2015-01-03,2015-01-03,,,,2015-01-05,�¹�
149,FW,��������,2,"6,000.00",40,50,CN,2014-09-29,2015-02-06,2014-08-08,2014-09-29,2014-10-01,2014-10-07,2014-10-18,2014-10-20,2014-10-20,,,,2014-10-20,�¹�
150,FW,����(REV),2,"1,449.00",40,50,CN,2014-09-29,2015-02-06,2014-08-08,2014-10-14,2014-10-21,2014-10-23,,2014-11-05,2014-11-05,,,,2014-11-06,�¹�
151,FW,��������,2,"2,917.00",40,50,CN,2014-09-29,2015-02-06,2014-08-08,2014-10-03,2014-10-06,2014-10-10,2014-10-18,2014-10-20,2014-10-20,,,,2014-10-20,�¹�
152,FW,����(REV),2,"3,665.00",40,50,CN,2014-09-29,2015-02-06,2014-08-08,2014-10-09,2014-10-14,2014-10-16,,2014-10-28,2014-10-28,,,,2014-10-28,�¹�
153,FW,��������,2,"5,600.00",40,50,CN,2014-09-29,2015-02-06,2014-08-08,2014-09-29,2014-10-01,2014-10-10,2014-10-18,2014-10-20,2014-10-20,,,,2014-10-20,�¹�
154,FW,��������,2,"6,051.00",40,50,CN,2014-09-29,2015-02-06,2014-08-08,2014-10-01,2014-10-03,2014-10-10,2014-10-18,2014-10-20,2014-10-20,,,,2014-10-20,�¹�
155,FW,LT����,2,"6,000.00",,50,CN,2014-09-29,2014-12-13,2014-11-04,2014-12-01,2014-12-04,2014-12-09,2014-12-18,2014-12-20,2014-12-20,,,,2014-12-20,�¹�
156,FW,����(REV),2,"6,000.00",40,50,CN,2014-09-29,2015-02-06,2014-08-08,2014-10-13,2014-10-17,2014-10-21,,2014-11-05,2014-11-05,,,,2014-11-06,�¹�
157,FW,��������,2,"3,542.00",40,50,CN,2014-09-29,2015-02-06,2014-08-08,2014-10-17,2014-10-22,2014-10-23,2014-10-30,2014-11-05,2014-11-05,,,,2014-11-06,�¹�
158,FW,LT����,2,"6,000.00",,50,CN,2014-09-29,2014-12-13,2014-11-04,2014-12-01,2014-12-05,2014-12-09,2014-12-18,2014-12-20,2014-12-20,,,,2014-12-20,�¹�
159,FW,����(REV),2,"5,500.00",40,50,CN,2014-09-29,2015-02-06,2014-08-08,2014-10-01,2014-10-01,2014-10-10,2014-10-18,2014-10-20,2014-10-20,,,,2014-10-20,�¹�
160,FW,,1,"1,240.00",,60,CN,,2015-06-11,,,,,,,,,,,,
161,FW,,1,"1,300.00",,60,CN,,2015-06-11,,,,,,,,,,,,
162,FH,��Ÿ,2,630,40,50,SS,2014-09-29,2015-02-06,2014-08-12,2014-08-28,2014-08-28,2014-09-01,2014-09-19,2014-09-15,2014-09-23,2014-10-01,2014-10-10,2014-10-10,2014-10-15,���ϻ���
163,PG,��������,14,0,40,50,DSS,2014-09-01,2015-02-06,2014-06-20,2014-08-22,2014-08-22,2014-10-29,2014-11-03,2014-11-07,2014-11-07,2014-11-14,2014-11-22,2014-11-25,2014-11-25,����
164,PG,��������,14,"1,916.00",40,50,DSS,2014-09-29,2015-02-06,2014-11-25,2015-01-12,2015-01-12,2015-01-26,2015-02-05,2015-02-14,2015-02-14,2015-02-23,2015-02-26,2015-03-02,2015-03-03,�Ǿؿ�
165,WS,��������,1,606,40,50,DSS,2014-07-22,2015-02-06,2014-05-30,2014-06-12,2014-06-13,2014-06-17,2014-09-22,2014-09-23,2014-09-23,2014-10-09,2014-10-14,2014-10-14,2014-10-14,����
166,WS,��������,1,"1,566.00",40,50,DSS,2014-07-22,2015-02-06,2014-05-30,2014-06-13,2014-06-16,2014-06-18,2014-09-05,2014-09-04,2014-09-04,2014-10-04,2014-10-11,2014-10-11,2014-10-13,����
167,PA,��������,1,606,40,50,DSS,2014-07-22,2015-02-06,2014-05-30,2014-06-12,2014-06-13,2014-06-17,2014-09-05,2014-09-04,2014-09-04,2014-10-04,2014-10-11,2014-10-11,2014-10-13,����
168,PA,��������,1,"1,916.00",40,50,DSS,2014-07-22,2015-02-06,2014-05-30,2014-06-12,2014-06-13,2014-06-17,2014-09-05,2014-09-04,2014-09-04,2014-10-04,2014-10-11,2014-10-11,2014-10-13,����
169,NI,��������,1,606,40,50,DSS,2014-09-01,2015-02-06,2014-06-20,2014-08-06,2014-08-07,2014-09-16,2014-09-20,2014-09-25,2014-09-25,2014-10-16,2014-10-24,2014-10-28,2014-10-29,����
170,NI,��������,1,"1,216.00",40,50,DSS,2014-09-01,2015-02-06,2014-06-20,2014-07-29,2014-08-05,2014-10-15,2014-10-20,2014-10-23,2014-10-23,2014-11-14,2014-11-20,2014-11-20,2014-11-20,����
171,DX,��������,2,854,40,50,DSS,2014-07-22,2015-02-06,2014-06-05,2014-06-17,2014-07-14,2014-12-23,2015-01-02,2015-01-03,2015-01-03,2015-01-08,2015-01-15,2015-01-15,2015-01-16,����
172,DX,��������,2,"3,336.00",40,50,DSS,2014-09-01,2015-02-06,2014-07-01,2014-07-15,2014-09-24,2014-11-06,2014-12-01,2014-12-09,2014-12-09,2014-12-12,2014-12-26,2014-12-26,2014-12-27,����
173,IA,��Ÿ,3,"6,000.00",40,50,DSS,2014-09-29,2015-02-06,2014-11-17,2014-12-16,2014-12-16,2014-12-19,2014-12-21,2014-12-22,2014-12-27,2015-01-06,2015-01-17,2015-01-17,2015-01-17,���ϻ���
174,IA,��������,3,"6,000.00",40,50,DSS,2014-09-26,2015-02-06,2014-12-10,2014-12-30,2014-12-30,2015-02-25,2015-02-27,2015-03-02,2015-03-02,2015-03-07,2015-03-12,2015-03-13,2015-03-16,�Ǿؿ�
175,IA,��Ÿ,3,"3,295.00",40,50,DSS,2014-09-29,2015-02-06,2014-11-17,2014-12-02,2014-12-05,2014-12-11,2014-12-12,2014-12-12,2014-12-19,2015-01-12,2015-01-27,2015-01-27,2015-01-27,���ϻ���
176,SI,LT����,2,"6,200.00",,50,DSS,2014-09-29,2014-11-01,2014-09-25,2014-10-11,2014-10-17,2014-10-22,2014-10-23,2014-10-24,2014-11-04,2014-11-13,2014-11-21,2014-11-21,2014-11-22,���ϻ���
177,SI,����(REV),2,"2,403.00",,50,DSS,2014-09-29,2014-11-01,2014-09-25,2015-01-17,2015-01-21,2015-01-23,2015-02-04,2015-02-10,2015-02-10,2015-02-12,2015-02-17,2015-02-17,2015-02-17,����
178,SI,����(REV),2,"3,325.00",,50,DSS,2014-09-29,2014-11-01,2014-09-25,2015-02-04,2015-02-05,2015-02-09,2015-02-11,2015-02-13,2015-02-13,2015-02-16,2015-02-27,2015-02-27,2015-02-28,����
179,SI,LT����,2,"6,000.00",,50,DSS,2014-09-29,2014-11-01,2014-09-25,2014-10-11,2014-10-18,2014-10-23,2014-10-24,2014-10-27,2014-11-04,2014-11-07,2014-11-18,2014-11-18,2014-11-20,���ϻ���
180,SI,����(REV),2,"2,517.00",,50,DSS,2014-09-29,2014-11-01,2014-09-25,2015-01-20,2015-01-21,2015-01-23,2015-02-04,2015-02-10,2015-02-10,2015-02-12,2015-02-17,2015-02-17,2015-02-17,����
181,SI,����(REV),2,"3,325.00",,50,DSS,2014-09-29,2014-11-01,2014-09-25,2014-12-20,2014-12-24,2014-12-26,2014-12-27,2014-12-29,2015-01-03,2015-01-09,2015-01-22,2015-01-22,2015-01-23,���ϻ���
182,WS,��������,3,"2,977.00",,50,DSS,2014-09-29,2014-10-21,2014-09-04,2014-09-30,2014-10-03,2014-10-10,2014-10-15,2014-10-16,2014-10-16,2014-10-28,2014-10-28,2014-10-28,2014-10-28,����
183,WS,����(REV),3,"2,860.00",,50,DSS,2014-09-29,2014-10-21,2014-09-04,2014-09-24,2014-09-30,2014-10-10,2014-10-15,2014-10-16,2014-10-16,2014-10-28,2014-10-28,2014-10-28,2014-10-28,����
184,WS,����(REV),3,"4,655.00",,50,DSS,2014-09-29,2014-10-21,2014-09-04,2014-09-24,2014-09-24,2014-09-25,2014-09-29,2014-10-02,2014-10-02,2014-10-02,2014-10-22,2014-10-30,2014-10-30,����
185,WS,��������,3,"6,000.00",,50,DSS,2014-09-29,2014-10-21,2014-09-04,2014-10-01,2014-10-06,2014-10-08,2014-10-14,2014-10-16,2014-10-16,2014-10-28,2014-10-28,2014-10-28,2014-10-28,����
186,PG,����(REV),24,"5,800.00",,50,DSS,2014-09-29,2014-10-21,2014-09-04,2015-01-27,2015-01-27,2015-02-09,2015-02-16,2015-02-25,2015-02-25,2015-02-27,2015-03-05,2015-03-05,2015-03-18,����
187,PG,����(REV),36,0,40,50,DSS,2014-09-29,2015-02-06,2014-08-26,2014-12-22,2015-01-10,2015-01-14,2015-02-01,2015-02-03,2015-02-03,2015-02-06,2015-02-12,2015-02-12,2015-02-13,����
188,PF,���躸��,10,0,60,60,DSS,2014-11-21,2015-03-24,2014-09-26,2014-10-25,2014-10-25,2014-10-28,2015-01-12,2015-01-23,2015-01-23,2015-01-28,2015-02-04,2015-02-05,2015-02-05,�Ǿؿ�
189,PF,���躸��,10,0,60,60,DSS,2014-11-21,2015-03-24,2014-10-14,2015-01-05,2015-01-07,2015-01-21,2015-01-27,2015-01-27,2015-01-27,2015-01-30,2015-02-07,2015-02-07,2015-02-09,����
190,PF,���躸��,10,0,,50,DSS,2014-09-29,2014-12-13,2014-11-04,2014-11-26,2014-11-26,2014-12-09,2015-01-08,2015-01-28,2015-01-28,2015-02-05,2015-02-10,2015-02-11,2015-02-12,�Ǿؿ�
191,PF,���躸��,2,288,40,50,DSS,2014-09-29,2015-02-06,2014-08-26,2014-09-30,2014-10-01,2014-10-14,2014-11-08,2014-11-19,2014-11-19,2014-12-02,2014-12-10,2014-12-16,2014-12-19,����
192,PG,����(REV),24,"1,187.00",40,50,DSS,2014-09-29,2015-02-06,2014-11-06,2014-12-13,2015-03-12,2015-03-17,2015-03-17,2015-03-19,2015-03-19,2015-04-01,2015-04-10,2015-04-10,2015-04-10,����
193,PG,����(REV),2,300,40,50,DSS,2014-09-29,2015-02-06,2014-08-26,2014-09-23,2014-09-23,2014-10-22,2014-10-23,2014-10-28,2014-10-28,2014-11-17,2014-11-24,2014-11-24,2014-11-24,����
194,PG,����(REV),24,"1,000.00",60,60,DSS,2014-11-21,2015-03-24,2014-09-26,2014-10-28,2014-11-01,2014-11-27,2014-12-13,2014-12-19,2014-12-20,2014-12-31,2015-01-05,2015-01-07,2015-01-07,�Ǿؿ�
195,PG,����(REV),24,"3,205.00",40,50,DSS,2014-09-29,2015-02-06,2014-11-06,2015-03-17,2015-03-17,2015-03-19,2015-03-23,2015-03-24,2015-03-24,2015-03-30,2015-04-09,2015-04-09,2015-04-09,����
196,PG,����(REV),24,"1,615.00",40,50,DSS,2014-09-29,2015-02-06,2014-11-06,2015-03-18,2015-03-18,2015-03-20,2015-03-27,2015-03-27,2015-03-27,2015-04-01,2015-04-10,2015-04-10,2015-04-10,����
197,PG,����(REV),2,350,40,50,DSS,2014-09-29,2015-02-06,2014-08-26,2014-09-26,2014-09-26,2014-10-08,2014-10-21,2014-10-23,2014-10-23,2014-11-14,2014-11-24,2014-11-24,2014-11-24,����
198,PG,����(REV),12,0,,50,DSS,2014-09-24,2014-10-27,2014-09-19,2015-01-23,2015-01-26,2014-11-10,2015-01-30,2015-02-09,2015-02-10,2015-02-14,2015-02-17,2015-02-17,2015-02-17,����
199,PG,LT����,12,0,,50,DSS,2014-10-30,2015-04-20,2015-03-13,2015-06-03,2015-06-03,2015-06-08,,,,,,,,�Ǿؿ�
200,PG,����(REV),,0,,50,,2014-10-30,2015-01-10,2014-12-04,,,,,,,,,,,����
201,PG,LT����,2,348,,50,DSS,2014-09-24,2014-10-27,2014-09-19,2014-10-03,2014-10-03,2014-10-18,2014-10-29,2014-10-31,2014-10-31,2014-12-03,2014-12-09,2014-12-09,2014-12-09,����
202,PF,���躸��,10,0,,50,DSS,2014-10-30,2015-01-05,2014-11-25,2015-01-23,2015-01-23,2015-02-27,2015-03-13,,,,,,,�Ǿؿ�
203,PF,���躸��,10,0,,50,DSS,2014-10-30,2015-01-05,2014-11-25,2015-01-23,2015-01-23,2015-01-28,,2015-02-05,2015-02-05,2015-02-14,2015-02-25,2015-02-26,2015-03-02,�Ǿؿ�
204,PF,LT����,12,0,60,60,DSS,2014-11-21,2015-01-10,2014-12-04,2015-01-21,2015-01-21,2015-03-04,2015-03-13,2015-03-14,2015-03-14,2015-03-19,2015-03-23,2015-03-24,2015-03-24,�Ǿؿ�
205,PF,��Ÿ,12,0,60,60,DSS,2014-11-18,2015-03-24,2015-02-09,2015-02-26,2015-03-13,2015-03-18,2015-03-24,2015-03-24,2015-03-27,2015-04-02,2015-04-13,2015-04-13,2015-04-16,���ϻ���
206,PF,,14,"2,300.00",60,60,DSS,,2015-03-24,,,,,,,,,,,,
207,PF,,14,"6,000.00",60,60,DSS,,2015-03-24,,,,,,,,,,,,
208,GM,,8,573,60,60,DSS,,2015-03-24,,,,,,,,,,,,
209,GM,,8,"5,148.00",60,60,DSS,,2015-03-24,,,,,,,,,,,,
210,GM,��������,8,"5,050.00",60,60,DSS,2015-02-05,2015-03-24,2015-01-19,2015-01-26,2015-01-28,2015-02-02,,2015-02-03,2015-02-06,2015-02-13,2015-03-03,2015-03-03,2015-03-10,���ϻ���
211,GM,��Ÿ,8,"1,000.00",60,60,DSS,2015-02-05,2015-03-24,2015-01-19,2015-01-27,2015-01-29,2015-02-03,2015-02-04,2015-02-04,2015-02-09,2015-02-27,2015-03-10,2015-03-10,2015-03-13,���ϻ���
212,PL,,12,"1,121.00",60,60,DSS,,2015-03-24,,,,,,,,,,,,
213,PL,,12,"1,787.00",60,60,DSS,,2015-03-24,,,,,,,,,,,,
214,PL,,12,"2,431.00",60,60,DSS,,2015-03-24,,,,,,,,,,,,
215,PL,,12,641,60,60,DSS,,2015-03-24,,,,,,,,,,,,
216,IA,LT����,1.5,"1,661.00",,50,DSS,2015-02-05,2015-02-15,2015-01-08,2015-01-16,2015-01-16,2015-01-26,2015-01-29,2015-02-06,2015-02-06,2015-02-09,2015-02-14,2015-02-14,2015-02-15,����
217,PL,����(REV),4,0,40,50,DSS,2015-01-18,2015-02-06,2015-02-03,,,,,,,,,,,����
218,PL,,4,667,40,50,DSS,,2015-02-06,,,,,,,,,,,,
219,PL,����(REV),4,0,40,50,DSS,2015-01-18,2015-02-06,2015-02-03,,,,,,,,,,,����
220,PL,,4,667,40,50,DSS,,2015-02-06,,,,,,,,,,,,
221,PL,����(REV),4,0,40,50,DSS,2015-01-18,2015-02-06,2015-02-03,,,,,,,,,,,����
222,PL,,4,667,40,50,DSS,,2015-02-06,,,,,,,,,,,,
223,PL,,4,0,40,50,DSS,,2015-02-06,,,,,,,,,,,,
224,PL,,4,667,40,50,DSS,,2015-02-06,,,,,,,,,,,,
225,PL,,4,0,40,50,DSS,,2015-02-06,,,,,,,,,,,,
226,PL,,4,553,40,50,DSS,,2015-02-06,,,,,,,,,,,,
227,PL,����(REV),3,"6,000.00",40,50,DSS,2015-02-06,2015-02-06,2015-05-13,2015-05-21,2015-05-22,2015-05-28,2015-06-01,2015-06-01,2015-06-08,2015-06-09,2015-06-16,2015-06-16,2015-06-18,���ϻ���
228,PL,LT����,3,"2,314.00",40,50,DSS,2015-01-18,2015-03-15,2015-02-03,2015-02-11,2015-02-16,2015-02-24,2015-02-28,2015-03-06,2015-03-06,2015-03-10,2015-03-18,2015-03-18,2015-03-20,����
229,PL,LT����,3,"1,405.00",40,50,DSS,2015-01-18,2015-03-15,2015-02-03,2015-02-11,2015-02-16,2015-02-24,2015-02-27,2015-03-06,2015-03-06,2015-03-10,2015-03-18,2015-03-18,2015-03-20,����
230,PL,����(REV),3,811,40,50,DSS,2015-01-18,2015-02-06,2015-02-03,,,,,,,,,,,����
231,PL,����(REV),3,668,40,50,DSS,2015-01-18,2015-02-06,2015-02-03,,,,,,,,,,,����
232,PL,����(REV),3,455,40,50,DSS,2015-01-18,2015-02-06,2015-02-03,,,,,,,,,,,����
233,PL,,3,"4,390.00",40,50,DSS,,2015-02-06,,,,,,,,,,,,
234,PL,,3,"2,261.00",40,50,DSS,,2015-02-06,,,,,,,,,,,,
235,PL,,3,"2,055.00",40,50,DSS,,2015-02-06,,,,,,,,,,,,
236,PL,,3,"1,929.00",40,50,DSS,,2015-02-06,,,,,,,,,,,,
237,IA,����(REV),3,"1,636.00",40,50,DSS,2015-02-06,2015-02-06,2015-03-24,2015-04-24,2015-04-24,2015-04-29,,2015-05-04,2015-05-11,2015-05-13,2015-05-23,2015-05-23,2015-05-27,���ϻ���
238,WS,����(REV),3,529,40,50,DSS,2015-02-06,2015-02-06,2015-04-27,2015-06-01,2015-06-03,2015-06-08,2015-06-11,2015-06-11,2015-06-11,2015-06-17,,,,�Ǿؿ�
239,NI,,2,"4,950.00",,60,DSS,,2015-05-22,,,,,,,,,,,,
240,FW,��������,6,110,40,50,TN,2014-09-29,2015-02-06,2014-11-11,2014-11-20,2014-11-20,2014-11-24,2014-11-26,2014-11-28,2014-11-28,2015-01-12,2015-01-14,2015-01-17,2015-01-17,����
241,FW,��������,6,665,40,50,TN,2014-09-29,2015-02-06,2014-11-11,2014-12-15,2014-12-15,2014-12-18,2015-01-11,2015-01-12,2015-01-12,2015-01-15,2015-01-20,2015-01-20,2015-01-21,����
242,FW,����(REV),3,"1,374.00",,50,TN,2014-09-24,2014-10-27,2014-09-19,2014-10-24,2014-10-24,2014-11-20,2014-11-24,2014-11-25,2014-11-25,2014-12-08,2014-12-12,2014-12-12,2014-12-12,����
243,FW,����(REV),3,"1,264.00",,50,TN,2014-11-14,2015-03-05,2015-01-29,2015-02-05,2015-02-05,2015-05-26,2015-05-28,2015-05-29,2015-05-29,2015-06-04,2015-06-09,2015-06-09,2015-06-12,����
244,CM,����(REV),10,821,,50,CS,2014-08-22,2014-10-21,2014-07-01,2014-08-19,2014-08-19,2014-08-28,,2014-09-29,2014-09-30,2014-10-14,2014-10-25,2014-11-03,2014-11-03,����
245,CM,��������,10,300,,50,CS,2014-07-23,2014-10-21,2014-05-23,2014-06-13,2014-06-16,2014-06-25,2014-07-14,2014-07-18,2014-07-19,2014-07-22,2014-07-31,2014-08-11,2014-08-12,����
246,CM,��������,10,741,40,50,CS,2014-08-26,2015-01-25,2014-08-08,2015-06-15,2015-06-15,,,,,,,,,����
247,CM,��������,14,166,40,50,CS,2014-09-02,2015-01-25,2014-07-10,2014-09-03,2014-09-03,2015-04-01,2015-04-15,2015-04-16,2015-04-16,2015-04-20,2015-05-07,2015-05-07,2015-05-11,����
248,CM,��������,1,0,,50,CS,2014-07-23,2014-10-21,2014-05-23,2014-06-23,2014-06-23,2014-07-01,2014-07-22,2014-07-24,2014-07-25,2014-08-01,2014-08-21,2014-08-27,2014-08-27,����
249,CM,��������,10,300,60,60,CS,2014-06-02,2015-03-24,2014-05-14,2014-05-30,2014-06-03,2014-06-11,2014-07-02,2014-07-04,2014-07-04,2014-07-10,2014-07-18,2014-07-24,2014-07-24,����
250,CM,��������,10,594,40,50,CS,2014-09-29,2015-01-25,2014-08-08,2014-10-20,2014-10-20,2014-11-10,2014-11-19,2014-11-20,2014-11-20,2014-12-08,2015-01-03,2015-01-12,2015-01-12,����
251,CM,��������,14,167,40,50,CS,2014-09-02,2015-01-25,2014-07-10,2014-09-05,2014-09-05,2015-04-01,2015-04-15,2015-04-16,2015-04-16,2015-04-20,2015-05-07,2015-05-07,2015-05-11,����
252,CM,��������,1,0,40,50,CS,2014-09-02,2015-01-25,2014-06-20,2014-07-01,2014-07-01,2014-07-10,2014-07-22,2014-07-24,2014-07-25,2014-08-01,2014-08-21,2014-08-27,2014-08-27,����
253,NI,����(REV),2,"1,593.00",40,50,CS,2014-09-29,2015-01-25,2014-08-08,2014-09-17,2014-09-17,2014-10-22,,2014-10-27,2014-10-28,2014-11-03,2015-02-10,2015-02-10,2015-02-11,����
254,PA,����(REV),3,"2,430.00",40,50,CS,2014-09-29,2015-01-25,2014-08-08,2014-10-06,2014-10-06,2014-10-28,2014-11-01,2014-11-03,2014-11-07,2014-11-11,2014-11-26,2014-11-28,2014-12-02,����
255,CM,��������,10,"1,891.00",40,50,CS,2014-09-29,2015-01-25,2014-08-08,2014-10-09,2014-10-09,2014-10-28,2014-11-10,2014-11-13,2014-11-13,2014-11-25,2014-12-26,2014-12-27,2014-12-27,����
256,CM,��������,10,865,40,50,CS,2014-09-29,2015-01-25,2014-08-08,2014-10-15,2014-10-15,2014-10-31,2014-11-14,2014-11-15,2014-11-15,2014-11-27,2014-12-17,2014-12-23,2014-12-23,����
257,CM,��������,10,713,40,50,CS,2014-09-29,2015-01-25,2014-08-12,2014-10-10,2014-10-10,2014-11-24,2014-11-26,2014-11-27,2014-11-27,2014-12-09,2015-01-12,2015-01-19,2015-01-20,����
258,CM,��������,10,0,40,50,CS,2014-09-29,2015-01-25,2014-08-08,2014-10-21,2014-10-21,2014-11-06,2015-01-16,2015-01-30,2015-02-02,2015-02-10,2015-02-17,2015-02-17,2015-02-17,����
259,CM,����(REV),10,"2,056.00",40,50,CS,2014-09-29,2015-01-25,2014-08-08,2014-10-09,2014-10-09,2014-10-28,,2014-11-08,2014-11-08,2014-12-13,2015-01-10,2015-01-19,2015-01-20,����
260,CM,��������,10,"1,431.00",40,50,CS,2014-09-29,2015-01-25,2014-08-08,2014-10-09,2014-10-09,2014-10-28,2014-11-14,2014-11-15,2014-11-15,2014-11-27,2014-12-17,2014-12-23,2014-12-23,����
261,CM,��������,10,574,40,50,CS,2014-09-29,2015-01-25,2014-08-08,2014-10-15,2014-10-15,2014-10-31,2014-11-19,2014-11-20,2014-11-20,2014-12-08,2015-01-03,2015-01-10,2015-01-12,����
262,CM,��������,10,488,40,50,CS,2014-09-29,2015-01-25,2014-08-08,2014-10-09,2014-10-09,2014-10-28,2014-11-10,2014-11-13,2014-11-13,2014-11-25,2014-12-26,2014-12-27,2014-12-27,����
263,CM,��������,10,643,40,50,CS,2014-09-29,2015-01-25,2014-08-21,2014-11-12,2014-11-12,2014-11-20,2014-12-04,2014-12-05,2014-12-05,2014-12-26,2015-01-19,2015-01-19,2015-01-20,����
264,CM,��������,10,"1,596.00",40,50,CS,2014-09-29,2015-01-25,2014-08-08,2014-10-09,2014-10-09,2014-10-28,2014-11-10,2014-11-13,2014-11-13,2014-11-25,2014-12-26,2014-12-27,2014-12-27,����
265,CM,��������,14,289,40,50,CS,2014-09-29,2015-01-25,2014-08-21,2014-11-24,2014-11-24,2014-12-12,2015-01-30,2015-01-30,2015-02-02,2015-02-10,2015-02-17,2015-02-17,2015-02-17,����
266,CM,��������,10,"1,390.00",40,50,CS,2014-09-29,2015-01-25,2014-08-21,2014-11-13,2014-11-13,2014-11-28,2014-12-01,2014-11-29,2014-12-01,2014-12-23,2015-01-19,2015-01-20,2015-01-26,����
267,CM,��������,10,0,40,50,CS,2014-09-29,2015-01-25,2014-08-08,2014-10-28,2014-10-28,2014-11-06,2014-11-19,2014-11-20,2014-11-20,2014-12-08,2015-01-03,2015-01-12,2015-01-12,����
268,CM,��������,10,430,40,50,CS,2014-09-29,2015-01-25,2014-08-08,2014-10-13,2014-10-13,2014-10-31,2014-11-14,2014-11-15,2014-11-15,2014-11-27,2014-12-17,2014-12-23,2014-12-23,����
269,CM,��������,0.75,0,40,50,CS,2014-09-29,2015-01-25,2014-08-08,2015-03-05,2015-03-05,2015-04-02,2015-04-28,2015-04-29,2015-04-29,2015-05-13,2015-05-21,2015-05-21,2015-05-26,����
270,CM,��������,14,289,40,50,CS,2014-09-29,2015-01-25,2014-08-21,2014-11-24,2014-11-24,2014-12-12,2015-02-04,2015-02-06,2015-02-07,2015-02-14,2015-02-17,2015-02-17,2015-02-17,����
271,CM,��������,10,"1,390.00",40,50,CS,2014-09-29,2015-01-25,2014-08-21,2014-11-13,2014-11-13,2014-11-20,2014-11-21,2014-11-22,2014-11-22,2014-12-12,2015-01-17,2015-01-20,2015-01-21,����
272,CM,��������,0.75,0,40,50,CS,2014-09-29,2015-01-25,2014-08-08,2014-11-01,2014-11-01,2014-11-10,2014-11-14,2014-11-15,2014-11-15,2015-02-04,2015-03-05,2015-03-11,2015-03-11,����
273,CM,����(REV),10,198,,50,CS,2014-10-30,2014-12-25,2014-11-20,2015-02-13,2015-02-25,2015-03-06,2015-03-09,2015-03-14,2015-03-14,2015-03-18,2015-04-02,2015-04-02,2015-04-02,(��)������ũ
274,CM,����(REV),10,582,,50,CS,2014-10-30,2014-12-25,2014-11-20,2014-12-20,2014-12-26,2015-02-06,2015-02-12,2015-03-07,2015-03-07,2015-03-09,2015-03-17,2015-03-17,2015-03-18,(��)������ũ
275,CM,����(REV),10,360,,50,CS,2014-10-30,2014-12-25,2014-11-20,2014-12-22,2015-03-03,2015-03-06,2015-03-09,2015-03-14,2015-03-14,2015-03-18,2015-04-02,2015-04-02,2015-04-02,(��)������ũ
276,CM,LT����,10,0,,50,CS,2014-11-14,2015-01-15,2014-12-10,2014-12-22,2014-12-30,2014-12-31,2015-01-06,2015-01-17,2015-01-17,2015-01-22,2015-01-30,2015-01-30,2015-01-31,(��)������ũ
277,CM,LT����,10,429,,50,CS,2014-10-30,2015-02-20,2015-01-12,2015-02-05,2015-02-13,2015-02-25,2015-02-25,2015-03-07,2015-03-07,2015-03-12,2015-03-18,2015-03-18,2015-03-23,(��)������ũ
278,CM,LT����,10,208,,50,CS,2014-11-14,2015-01-15,2014-12-10,2015-01-10,2015-03-20,2015-03-25,2015-03-30,2015-04-03,2015-04-03,2015-04-04,2015-04-14,2015-04-14,2015-04-15,(��)������ũ
279,CM,LT����,10,477,,50,CS,2014-10-30,2015-02-20,2015-01-12,2015-02-05,2015-02-13,2015-02-25,2015-02-25,2015-03-07,2015-03-07,2015-03-12,2015-03-18,2015-03-18,2015-03-23,(��)������ũ
280,CM,����(REV),10,570,,50,CS,2014-11-14,2015-01-15,2014-12-10,2014-12-31,2015-01-13,2015-04-03,2015-04-06,2015-04-14,2015-04-14,2015-04-15,2015-04-23,2015-04-23,2015-04-27,(��)������ũ
281,FW,��������,4,"2,417.00",40,50,CN,2014-09-29,2015-01-25,2014-08-08,2014-09-25,2014-09-26,2014-10-07,2014-10-18,2014-10-20,2014-10-20,,,,2014-10-20,�¹�
282,FW,��������,4,"1,000.00",40,50,CN,2014-09-29,2015-01-25,2014-08-08,2014-09-02,2014-09-02,2014-09-16,,2014-09-20,2014-09-20,,,,2014-09-20,�¹�
283,FW,��������,4,"1,795.00",40,50,CN,2014-09-29,2015-01-25,2014-08-08,2014-09-24,2014-09-26,2014-10-02,2014-10-09,2014-10-16,2014-10-16,,,,2014-10-16,�¹�
284,FW,LT����,4,610,40,50,CN,2014-09-26,2015-03-05,2015-01-26,2015-02-09,2015-02-10,2015-02-25,2015-03-04,2015-03-07,2015-03-07,,,,2015-03-09,�¹�
285,FW,LT����,2,"1,707.00",40,50,CN,2014-09-26,2015-02-25,2015-01-15,2015-01-30,2015-02-02,2015-02-05,2015-02-10,2015-02-16,2015-02-16,,,,2015-02-16,�¹�
286,FW,����(REV),4,"1,976.00",40,50,CN,2014-09-29,2015-01-25,2014-08-08,,,,,,,,,,,�¹�
287,FW,���蹮��,1,"1,800.00",40,50,CN,2014-09-29,2015-01-25,2014-08-08,2014-11-06,2014-11-07,2014-11-11,2014-12-04,2014-12-09,2014-12-09,,,,2014-12-09,�¹�
288,FW,���蹮��,1,"1,852.00",40,50,CN,2014-09-29,2015-01-25,2014-08-08,2014-11-06,2014-11-08,2014-11-13,2014-11-26,2014-11-29,2014-11-29,,,,2014-11-29,�¹�
289,FW,���蹮��,1,"1,852.00",40,50,CN,2014-09-29,2015-01-25,2014-08-08,2014-11-06,2014-11-08,2014-11-13,2014-11-26,2014-11-29,2014-11-29,,,,2014-11-29,�¹�
290,FW,��������,1,706,40,50,CN,2014-09-29,2015-01-25,2014-08-08,2014-09-23,2014-09-26,2014-10-02,2014-10-09,2014-10-16,2014-10-16,,,,2014-10-16,�¹�
291,FW,���蹮��,1,434,40,50,CN,2014-09-29,2015-01-25,2014-08-08,2014-11-06,2014-11-11,2014-11-13,2014-12-04,2014-12-09,2014-12-09,,,,2014-12-09,�¹�
292,FW,����(REV),1,542,40,50,CN,2014-09-29,2015-01-25,2014-08-08,2014-09-23,2014-09-24,2014-09-30,,2014-10-16,2014-10-16,,,,2014-10-16,�¹�
293,FW,��������,1,"1,005.00",40,50,CN,2014-09-29,2015-01-25,2014-08-08,2014-09-23,2014-09-26,2014-10-07,2014-10-18,2014-10-20,2014-10-20,,,,2014-10-20,�¹�
294,FW,LT����,2,"2,256.00",40,50,CN,2014-09-26,2015-02-25,2015-01-15,2015-01-29,2015-01-30,2015-02-02,2015-02-04,2015-02-07,2015-02-07,,,,2015-02-07,�¹�
295,FW,LT����,2,"2,564.00",40,50,CN,2014-09-26,2015-02-25,2015-01-15,2015-01-30,2015-02-02,2015-02-05,2015-02-10,2015-02-16,2015-02-16,,,,2015-02-17,�¹�
296,FW,LT����,2,520,40,50,CN,2014-09-26,2015-02-25,2015-01-15,2015-01-30,2015-01-31,2015-02-03,2015-02-10,2015-02-16,2015-02-16,,,,2015-02-16,�¹�
297,FW,LT����,2,"2,740.00",40,50,CN,2014-09-26,2015-02-25,2015-01-15,2015-01-29,2015-01-30,2015-02-02,2015-02-04,2015-02-07,2015-02-07,,,,2015-02-07,�¹�
298,FW,LT����,2,"2,762.00",40,50,CN,2014-09-26,2015-02-25,2015-01-15,2015-01-30,2015-01-31,2015-02-10,2015-02-11,2015-02-16,2015-02-16,,,,2015-02-17,�¹�
299,FW,LT����,2,"2,272.00",,60,CN,2014-09-26,2015-02-25,2015-01-15,2015-01-29,2015-01-30,2015-02-02,2015-02-04,2015-02-07,2015-02-07,,,,2015-02-07,�¹�
300,FW,LT����,2,0,40,50,CN,2014-09-26,2015-02-25,2015-01-15,2015-02-05,2015-02-09,2015-02-10,2015-02-11,2015-02-16,2015-02-16,,,,2015-02-16,�¹�
301,FW,LT����,2,"2,429.00",,60,CN,2014-09-26,2015-02-25,2015-01-15,2015-01-29,2015-02-02,2015-02-04,2015-02-10,2015-02-16,2015-02-16,,,,2015-02-16,�¹�
302,FW,����(REV),2,"3,567.00",40,50,CN,2014-09-26,2015-04-15,2015-03-10,2015-04-06,2015-04-09,2015-04-14,2015-04-17,2015-04-20,2015-04-20,,,,2015-04-21,�¹�
303,FW,LT����,2,"2,037.00",40,50,CN,2014-09-26,2015-02-25,2015-01-15,2015-01-29,2015-02-02,2015-02-04,2015-02-10,2015-02-16,2015-02-16,,,,2015-02-17,�¹�
304,FW,LT����,2,"2,028.00",40,50,CN,2014-09-26,2015-02-25,2015-01-15,2015-01-30,2015-02-05,2015-02-09,2015-02-11,2015-02-16,2015-02-16,,,,2015-02-16,�¹�
305,FW,LT����,2,"4,121.00",40,50,CN,2014-09-26,2015-04-15,2015-03-10,2015-03-28,2015-04-03,2015-04-07,2015-04-08,2015-04-20,2015-04-20,,,,2015-04-21,�¹�
306,FW,LT����,2,"2,728.00",40,50,CN,2014-09-26,2015-02-25,2015-01-15,2015-02-02,2015-02-03,2015-02-05,2015-02-10,2015-02-16,2015-02-16,,,,2015-02-17,�¹�
307,FW,LT����,2,"2,028.00",40,50,CN,2014-09-26,2015-02-25,2015-01-15,2015-01-30,2015-02-02,2015-02-05,2015-02-10,2015-02-16,2015-02-16,,,,2015-02-17,�¹�
308,FW,LT����,2,"5,279.00",40,50,CN,2014-09-26,2015-04-15,2015-03-10,2015-03-28,2015-04-02,2015-04-07,2015-04-08,2015-04-20,2015-04-20,,,,2015-04-21,�¹�
309,FW,LT����,2,"3,738.00",40,50,CN,2014-09-26,2015-04-15,2015-03-10,2015-04-06,2015-04-09,2015-04-14,2015-04-17,2015-04-20,2015-04-20,,,,2015-04-21,�¹�
310,FW,LT����,2,"2,222.00",40,50,CN,2014-09-26,2015-04-15,2015-03-10,2015-04-06,2015-04-10,2015-04-14,2015-04-17,2015-04-20,2015-04-20,,,,2015-04-21,�¹�
311,FW,LT����,2,"2,767.00",40,50,CN,2014-09-26,2015-02-25,2015-01-15,2015-02-10,2015-02-16,2015-02-25,2015-03-04,2015-03-07,2015-03-07,,,,2015-03-09,�¹�
312,FW,��������,2,"6,000.00",40,50,CN,2014-09-29,2015-01-25,2014-08-08,2014-09-29,2014-10-01,2014-10-07,2014-10-18,2014-10-20,2014-10-20,,,,2014-10-20,�¹�
313,FW,��������,2,"3,492.00",40,50,CN,2014-09-29,2015-01-25,2014-08-08,2014-10-01,2014-10-03,2014-10-10,2014-10-18,2014-10-20,2014-10-20,,,,2014-10-20,�¹�
314,FW,LT����,2,"5,026.00",40,50,CN,2014-09-26,2015-02-25,2015-01-15,2015-01-30,2015-02-02,2015-02-04,2015-02-10,2015-02-16,2015-02-16,,,,2015-02-17,�¹�
315,FW,LT����,2,944,40,50,CN,2014-09-26,2015-02-25,2015-01-15,2015-02-05,2015-02-07,2015-02-10,2015-02-11,2015-02-16,2015-02-16,,,,2015-02-16,�¹�
316,FW,LT����,2,"4,600.00",40,50,CN,2014-09-26,2015-04-15,2015-03-10,2015-03-24,2015-03-27,2015-04-07,2015-04-08,2015-04-20,2015-04-20,,,,2015-04-21,�¹�
317,FW,����(REV),2,"1,868.00",40,50,CN,2014-09-26,2015-02-25,2015-01-15,2015-03-16,2015-03-21,2015-03-24,2015-03-28,2015-04-02,2015-04-02,,,,2015-04-02,�¹�
318,FW,LT����,2,"3,923.00",40,50,CN,2014-09-26,2015-02-25,2015-01-15,2015-02-02,2015-02-03,2015-02-05,2015-02-10,2015-02-16,2015-02-16,,,,2015-02-17,�¹�
319,FW,LT����,2,"3,362.00",40,50,CN,2014-09-26,2015-02-25,2015-01-15,2015-01-29,2015-01-30,2015-02-02,2015-02-04,2015-02-07,2015-02-07,,,,2015-02-07,�¹�
320,FW,LT����,1,526,,50,CN,2014-10-16,2014-11-20,2014-10-14,2014-10-24,2014-10-29,2014-10-30,2014-11-06,2014-11-11,2014-11-11,,,,2014-11-11,�¹�
321,FW,,1,"1,476.00",40,50,CN,,2015-01-25,,,,,,,,,,,,
322,CM,��������,12,0,40,50,LTCS,2014-09-29,2015-01-25,2014-08-08,2014-10-21,2014-10-21,2014-11-06,2014-11-19,2014-11-20,2014-11-20,2014-12-08,2015-01-03,2015-01-12,2015-01-12,����
323,CM,��������,12,587,40,50,LTCS,2014-09-29,2015-01-25,2014-08-08,2014-10-14,2014-10-14,2014-11-06,2015-01-19,2015-01-30,2015-02-02,2015-02-10,2015-02-17,2015-02-17,2015-02-17,����
324,PG,,36,0,40,50,DSS,,2015-01-25,,,,,,,,,,,,
325,PG,,24,960,40,50,DSS,,2015-01-25,,,,,,,,,,,,
326,PG,,24,"3,198.00",40,50,DSS,,2015-01-25,,,,,,,,,,,,
327,PG,��������,36,0,60,60,DSS,2014-09-29,2015-03-24,2014-08-26,2014-12-22,2015-01-10,2015-01-22,2015-01-29,2015-02-03,2015-02-03,2015-02-06,2015-02-13,2015-02-13,2015-02-15,����
328,PG,��������,24,960,60,60,DSS,2014-11-18,2015-03-24,2015-01-08,2015-02-09,2015-02-10,2015-02-17,2015-03-21,2015-03-25,2015-03-25,2015-03-30,2015-04-09,2015-04-09,2015-04-09,����
329,PG,LT����,24,"3,198.00",60,60,DSS,2014-11-21,2015-01-01,2014-11-21,2014-12-18,2014-12-23,2015-01-07,2015-01-10,2015-01-13,2015-01-13,2015-01-17,2015-01-21,2015-01-21,2015-01-22,����
330,PG,��������,6,"3,814.00",40,50,DSS,2014-09-29,2015-01-25,2014-08-08,2014-10-21,2014-10-21,2014-10-30,2014-11-04,2014-11-21,2014-11-21,2014-12-02,2014-12-09,2014-12-17,2014-12-17,����
331,PG,��������,6,"6,000.00",40,50,DSS,2014-09-29,2015-01-25,2014-08-08,2014-10-07,2014-10-07,2014-10-29,2014-10-30,2014-10-31,2014-10-31,2014-11-21,2014-11-25,2014-11-25,2014-11-25,����
332,PG,��������,6,"2,362.00",40,50,DSS,2014-09-29,2015-01-25,2014-08-08,2014-09-29,2014-09-29,2014-10-16,2014-10-21,2014-10-22,2014-10-23,2014-11-21,2014-11-25,2014-11-25,2014-11-25,����
333,DW,��������,2,"4,098.00",60,60,DSS,2014-11-21,2014-11-18,2014-09-15,2014-09-30,2014-10-07,2014-10-13,2014-10-14,2014-10-15,2014-10-20,2014-10-28,2014-11-08,2014-11-08,2014-11-12,���ϻ���
334,IA,��������,3,"2,975.00",,50,DSS,2014-09-29,2014-10-21,2014-09-04,2014-09-27,2014-09-30,2014-10-10,2014-10-17,2014-10-28,2014-10-28,2014-11-26,2014-12-01,2014-12-01,2014-12-02,����
335,FL,����(REV),12,"3,200.00",60,60,DSS,2014-11-21,2014-11-18,2015-04-27,2015-05-22,2015-05-30,2015-06-04,2015-06-08,2015-06-04,2015-06-10,2015-06-15,,,,���ϻ���
336,FL,����(REV),12,"5,602.00",60,60,DSS,2014-11-21,2014-11-18,2014-10-14,2014-11-19,2014-11-21,2014-11-25,2014-12-01,2014-12-12,2014-12-12,2014-12-19,2014-12-20,2014-12-20,2014-12-20,����
337,PG,��������,24,294,40,50,DSS,2014-09-29,2015-01-25,2014-08-26,2014-12-04,2014-12-15,2014-12-19,2014-12-25,2014-12-26,2014-12-26,2015-01-02,2015-01-08,2015-01-08,2015-01-08,����
338,PG,��������,24,"3,134.00",40,50,DSS,2014-09-29,2015-01-25,2014-08-26,2014-11-21,2014-11-22,2014-11-28,2014-12-11,2014-12-16,2014-12-17,2014-12-24,2014-12-30,2014-12-30,2014-12-30,����
339,PG,��������,36,0,40,50,DSS,2014-09-29,2015-01-25,2014-08-26,2014-12-22,2014-12-28,2015-01-13,2015-01-19,2015-01-23,2015-01-23,2015-01-30,2015-02-04,2015-02-04,2015-02-05,����
340,PG,����(REV),24,"1,435.00",60,60,DSS,2014-11-18,2015-03-24,2015-01-08,2015-03-30,2015-03-31,2015-04-03,2015-04-09,2015-04-10,2015-04-16,2015-04-21,2015-04-29,2015-04-29,2015-05-06,���ϻ���
341,PG,��������,24,640,40,50,DSS,2014-09-29,2015-01-25,2014-08-26,2014-11-27,2014-12-03,2014-12-16,2015-01-25,2015-01-27,2015-01-27,2015-01-30,2015-02-04,2015-02-04,2015-02-05,����
342,PG,LT����,24,"1,303.00",40,50,DSS,2014-09-29,2015-02-20,2015-01-12,2015-01-27,2015-04-06,2015-04-07,2015-04-08,2015-04-08,2015-04-08,2015-04-13,2015-04-18,2015-04-18,2015-04-20,����
343,PG,��������,30,"3,533.00",,60,DSS,2014-09-29,2015-04-11,2014-08-26,2015-01-21,2015-01-23,2015-02-27,2015-04-11,2015-04-14,2015-04-15,2015-04-20,2015-04-23,2015-04-23,2015-04-29,����
344,PG,��������,30,"3,450.00",40,50,DSS,2014-09-29,2015-01-25,2014-08-26,2015-01-19,2015-01-21,2015-02-03,2015-03-23,2015-03-25,2015-03-25,2015-03-30,2015-04-08,2015-04-08,2015-04-08,����
345,WS,��������,1,681,40,50,DSS,2014-09-29,2015-01-25,2014-08-08,2014-09-13,2014-09-16,2014-10-10,2014-11-10,2014-11-12,2014-11-12,2014-11-19,2014-11-28,2014-11-28,2014-11-28,����
346,WS,��������,1,250,40,50,DSS,2014-09-29,2015-01-25,2014-08-08,2014-09-12,2014-09-16,2014-10-10,2014-11-10,2014-11-12,2014-11-12,2014-11-19,2014-11-28,2014-11-28,2014-11-28,����
347,WS,��������,1,100,40,50,DSS,2014-09-29,2015-01-25,2014-08-08,2014-08-28,2014-08-30,2014-09-02,,2014-09-04,2014-09-04,2014-10-04,2014-10-11,2014-10-11,2014-10-13,����
348,WS,��������,1,243,40,50,DSS,2014-09-29,2015-01-25,2014-08-08,2014-08-18,2014-08-26,2014-10-01,2014-10-06,2014-10-08,2014-10-08,2014-10-23,2014-11-07,2014-11-19,2014-11-19,����
349,WS,��Ÿ,1,"2,005.00",40,50,DSS,2014-09-29,2015-01-25,2014-08-25,2014-09-12,2014-09-18,2014-09-22,2014-09-23,2014-09-24,2014-10-01,2014-10-14,2014-10-27,2014-10-27,2014-10-27,���ϻ���
350,WS,��Ÿ,1,"2,311.00",40,50,DSS,2014-09-29,2015-01-25,2014-08-25,2014-09-17,2014-09-24,2014-09-26,2014-09-29,2014-09-30,2014-10-07,2014-10-17,2014-10-29,2014-10-29,2014-10-30,���ϻ���
351,WS,��Ÿ,1,"1,655.00",40,50,DSS,2014-09-29,2015-01-25,2014-08-25,2014-09-17,2014-09-23,2014-09-24,2014-09-25,2014-09-26,2014-10-02,2014-10-10,2014-10-22,2014-10-22,2014-10-23,���ϻ���
352,WS,��Ÿ,1,"1,000.00",40,50,DSS,2014-09-29,2015-01-25,2014-08-25,2014-09-11,2014-09-17,2014-09-19,2014-09-22,2014-09-23,2014-09-25,2014-10-01,2014-10-10,2014-10-10,2014-10-15,���ϻ���
353,WS,LT����,1,"2,413.00",,50,DSS,2014-09-29,2014-11-01,2014-09-25,2014-10-11,2014-10-13,2014-10-17,2014-10-18,2014-10-21,2014-10-24,2014-11-06,2014-11-17,2014-11-17,2014-11-19,���ϻ���
354,WS,��Ÿ,1,"1,110.00",40,50,DSS,2014-09-29,2015-01-25,2014-08-25,2014-09-17,2014-09-17,2014-09-19,2014-09-22,2014-09-23,2014-09-25,2014-10-01,2014-10-10,2014-10-10,2014-10-15,���ϻ���
355,PA,��������,1,681,40,50,DSS,2014-09-29,2015-01-25,2014-08-08,2014-08-18,2014-08-27,2014-08-29,2014-09-04,2014-09-04,2014-09-04,2014-10-04,2014-10-11,2014-10-11,2014-10-13,����
356,PA,��������,1,250,40,50,DSS,2014-09-29,2015-01-25,2014-08-08,2014-08-18,2014-08-26,2014-08-28,2014-09-04,2014-09-04,2014-09-04,2014-10-04,2014-10-11,2014-10-11,2014-10-13,����
357,PA,��������,1,100,40,50,DSS,2014-09-29,2015-01-25,2014-08-08,2014-08-28,2014-08-30,2014-09-02,,2014-09-04,2014-09-04,2014-10-04,2014-10-11,2014-10-11,2014-10-13,����
358,PA,��������,1,243,40,50,DSS,2014-09-29,2015-01-25,2014-08-08,2014-09-12,2014-09-16,2014-10-10,2014-11-10,2014-11-12,2014-11-12,2014-11-19,2014-11-28,2014-11-28,2014-11-28,����
359,PA,��Ÿ,1,"1,855.00",40,50,DSS,2014-09-29,2015-01-25,2014-08-25,2014-09-12,2014-09-18,2014-09-22,2014-09-23,2014-09-24,2014-10-01,2014-10-14,2014-10-27,2014-10-27,2014-10-27,���ϻ���
360,PA,��������,1,"2,269.00",40,50,DSS,2014-09-29,2015-01-25,2014-09-04,2014-10-02,2014-10-10,2014-10-14,2014-10-17,2014-10-20,2014-10-20,2014-10-28,2014-11-02,2014-11-02,2014-11-03,����
361,PA,��Ÿ,1,"1,730.00",40,50,DSS,2014-09-29,2015-01-25,2014-08-25,2014-09-17,2014-09-23,2014-09-25,2014-09-29,2014-09-30,2014-10-07,2014-10-17,2014-10-29,2014-10-29,2014-10-30,���ϻ���
362,PA,��Ÿ,1,"1,000.00",40,50,DSS,2014-09-29,2015-01-25,2014-08-25,2014-09-11,2014-09-17,2014-09-19,2014-09-22,2014-09-23,2014-09-25,2014-10-01,2014-10-10,2014-10-10,2014-10-15,���ϻ���
363,PA,LT����,1,"2,263.00",,50,DSS,2014-09-29,2014-11-01,2014-09-25,2014-10-14,2014-10-16,2014-10-21,2014-10-22,2014-10-23,2014-10-29,2014-11-07,2014-11-18,2014-11-18,2014-11-20,���ϻ���
364,PA,��Ÿ,1,"1,110.00",40,50,DSS,2014-09-29,2015-01-25,2014-08-25,2014-09-11,2014-09-17,2014-09-19,2014-09-22,2014-09-23,2014-09-25,2014-10-01,2014-10-10,2014-10-10,2014-10-15,���ϻ���
365,NI,��������,1,681,40,50,DSS,2014-09-29,2015-01-25,2014-08-08,2014-09-13,2014-09-16,2014-10-14,2014-11-07,2014-11-12,2014-11-12,2014-11-19,2014-11-28,2014-11-28,2014-11-28,����
366,NI,��������,1,250,40,50,DSS,2014-09-29,2015-01-25,2014-08-08,2014-09-12,2014-09-16,2014-10-10,2014-11-10,2014-11-12,2014-11-12,2014-11-19,2014-11-28,2014-11-28,2014-11-28,����
367,NI,��������,1,100,40,50,DSS,2014-09-29,2015-01-25,2014-08-08,2014-09-02,2014-09-02,2014-09-19,,2014-09-25,2014-09-25,2014-10-16,2014-10-24,2014-10-28,2014-10-29,����
368,NI,��������,1,243,40,50,DSS,2014-09-29,2015-01-25,2014-08-08,2014-09-12,2014-09-16,2014-10-10,2014-11-10,2014-11-12,2014-11-12,2014-11-19,2014-11-28,2014-11-28,2014-11-28,����
369,NI,��Ÿ,1,"2,155.00",40,50,DSS,2014-09-29,2015-01-25,2014-08-25,2014-09-12,2014-09-18,2014-09-22,2014-09-23,2014-09-24,2014-10-01,2014-10-14,2014-10-27,2014-10-27,2014-10-27,���ϻ���
370,NI,��Ÿ,1,"2,161.00",40,50,DSS,2014-09-29,2015-01-25,2014-08-25,2014-09-17,2014-09-23,2014-09-25,2014-09-29,2014-09-30,2014-10-07,2014-10-17,2014-10-29,2014-10-29,2014-10-30,���ϻ���
371,NI,��Ÿ,1,"1,805.00",40,50,DSS,2014-09-29,2015-01-25,2014-08-25,2014-09-17,2014-09-23,2014-09-25,2014-09-29,2014-09-30,2014-10-07,2014-10-17,2014-10-29,2014-10-29,2014-10-30,���ϻ���
372,NI,��Ÿ,1,"1,000.00",40,50,DSS,2014-09-29,2015-01-25,2014-08-25,2014-09-11,2014-09-17,2014-09-19,2014-09-22,2014-09-23,2014-09-25,2014-10-01,2014-10-10,2014-10-10,2014-10-15,���ϻ���
373,NI,LT����,1,"2,563.00",,50,DSS,2014-09-29,2014-11-01,2014-09-25,2014-10-14,2014-10-16,2014-10-21,2014-10-22,2014-10-23,2014-10-29,2014-11-07,2014-11-18,2014-11-18,2014-11-20,���ϻ���
374,NI,��Ÿ,1,"1,110.00",40,50,DSS,2014-09-29,2015-01-25,2014-08-25,2014-09-11,2014-09-18,2014-09-22,2014-09-23,2014-09-24,2014-10-01,2014-10-14,2014-10-27,2014-10-27,2014-10-27,���ϻ���
375,DE,��������,1,275,40,50,DSS,2014-09-29,2015-01-25,2014-08-08,2014-08-19,2014-08-25,2014-08-26,2014-10-20,2014-10-28,2014-10-28,2014-11-26,2014-12-01,2014-12-01,2014-12-02,����
376,DE,��������,1,"1,144.00",40,50,DSS,2014-09-29,2015-01-25,2014-08-08,2014-08-18,2014-09-02,2014-10-07,2014-10-11,2014-10-22,2014-10-22,2014-11-03,2014-11-11,2014-11-11,2014-11-11,����
377,DE,��������,1,768,40,50,DSS,2014-09-29,2015-01-25,2014-08-08,2014-08-18,2014-08-28,2014-09-01,2014-09-20,2014-09-26,2014-09-26,2014-10-11,2014-10-18,2014-10-18,2014-10-18,����
378,DE,��������,1,"2,217.00",40,50,DSS,2014-09-29,2015-01-25,2014-08-08,2014-08-18,2014-09-02,2014-09-03,2014-09-18,2014-09-23,2014-09-23,2014-10-09,2014-10-14,2014-10-14,2014-10-14,����
379,SI,��������,1,326,40,50,DSS,2014-09-29,2015-01-25,2014-08-08,2014-08-19,2014-08-25,2014-08-26,2014-09-25,2014-10-02,2014-10-02,2014-10-02,2014-10-22,2014-10-30,2014-10-30,����
380,SI,��������,1,"2,552.00",40,50,DSS,2014-09-29,2015-01-25,2014-08-08,2014-10-07,2014-10-09,2014-10-16,2014-10-21,2014-10-23,2014-10-23,2014-11-14,2014-11-20,2014-11-20,2014-11-20,����
381,SI,��������,1,"2,868.00",40,50,DSS,2014-09-29,2015-01-25,2014-08-08,2014-10-07,2014-10-08,2014-10-16,2014-10-22,2014-10-23,2014-10-24,2014-11-11,2014-11-18,2014-11-18,2014-11-18,����
382,SI,��������,1,"1,451.00",40,50,DSS,2014-09-29,2015-01-25,2014-08-08,2014-09-30,2014-09-30,2014-10-14,2014-10-17,2014-10-23,2014-10-23,2014-11-14,2014-11-20,2014-11-20,2014-11-20,����
383,SI,��������,1,"1,000.00",40,50,DSS,2014-09-29,2015-01-25,2014-08-08,2014-09-30,2014-09-30,2014-10-14,2014-10-17,2014-10-23,2014-10-23,2014-11-14,2014-11-20,2014-11-20,2014-11-20,����
384,PD,��������,1,326,40,50,DSS,2014-09-29,2015-01-25,2014-08-08,2014-10-18,2014-11-03,2014-11-06,2014-11-11,2014-11-13,2014-11-14,2014-11-19,2014-11-28,2014-11-28,2014-11-28,����
385,PD,��������,1,"2,702.00",40,50,DSS,2014-09-29,2015-01-25,2014-08-08,2014-08-18,2014-09-02,2014-09-03,2014-10-02,2014-10-13,2014-10-13,2014-10-21,2014-10-21,2014-10-21,2014-10-21,����
386,PD,��������,1,"3,018.00",40,50,DSS,2014-09-29,2015-01-25,2014-08-08,2014-08-19,2014-09-02,2014-09-03,2014-09-29,2014-10-08,2014-10-08,2014-10-23,2014-11-07,2014-11-19,2014-11-19,����
387,PD,��������,1,"1,301.00",40,50,DSS,2014-09-29,2015-01-25,2014-08-08,2014-08-19,2014-09-02,2014-09-03,2014-09-18,2014-09-23,2014-09-23,2014-10-09,2014-10-14,2014-10-14,2014-10-14,����
388,PD,��������,1,"1,000.00",40,50,DSS,2014-09-29,2015-01-25,2014-08-08,2014-08-19,2014-09-02,2014-09-03,2014-09-18,2014-09-23,2014-09-23,2014-10-09,2014-10-14,2014-10-14,2014-10-14,����
389,AO,��������,1,325,40,50,DSS,2014-09-29,2015-01-25,2014-08-08,2014-08-19,2014-08-25,2014-08-26,2014-09-25,2014-10-02,2014-10-02,2014-10-02,2014-10-22,2014-10-30,2014-10-30,����
390,AO,��������,1,"1,374.00",40,50,DSS,2014-09-29,2015-01-25,2014-08-08,2014-09-29,2014-09-30,2014-10-14,2014-10-18,2014-10-23,2014-10-23,2014-11-14,2014-11-20,2014-11-20,2014-11-20,����
391,AO,��������,1,"1,144.00",40,50,DSS,2014-09-29,2015-01-25,2014-08-08,2014-10-07,2014-10-10,2014-10-16,2014-11-07,2014-11-12,2014-11-12,2014-11-19,2014-11-28,2014-11-28,2014-11-28,����
392,AO,��������,1,"1,217.00",40,50,DSS,2014-09-29,2015-01-25,2014-08-08,2014-09-29,2014-09-30,2014-10-14,2014-10-17,2014-10-23,2014-10-23,2014-11-14,2014-11-20,2014-11-20,2014-11-20,����
393,AO,��������,1,"1,000.00",40,50,DSS,2014-09-29,2015-01-25,2014-08-08,2014-10-09,2014-10-09,2014-10-29,2014-10-31,2014-11-05,2014-11-05,2014-11-10,2014-11-17,2014-11-21,2014-11-22,����
394,IA,��Ÿ,1.5,"1,100.00",60,60,DSS,2014-11-21,2014-11-18,2014-09-25,2014-10-08,2014-10-09,2014-10-15,2014-11-04,2014-11-03,2014-11-10,2014-11-18,2014-11-25,2014-11-25,2014-11-27,���ϻ���
395,IA,��������,1.5,"3,089.00",60,60,DSS,2014-11-21,2014-11-18,2014-09-15,2014-10-06,2014-10-06,2014-10-10,2014-10-14,2014-10-23,2014-10-29,2014-11-07,2014-11-18,2014-11-18,2014-11-20,���ϻ���
396,IA,��������,1.5,"2,862.00",40,50,DSS,2014-09-29,2015-01-25,2014-09-04,2014-10-01,2014-10-07,2014-10-14,2014-10-17,2014-10-20,2014-10-20,2014-10-28,2014-11-02,2014-11-02,2014-11-03,����
397,IA,����(REV),1.5,"2,852.00",40,50,DSS,2014-09-29,2015-01-25,2014-09-04,2014-09-29,2014-10-02,2014-10-07,,2014-10-13,2014-10-13,2014-10-21,2014-10-21,2014-10-21,2014-10-21,����
398,IA,LT����,1.5,"2,315.00",,50,DSS,2014-09-29,2014-11-01,2014-09-25,2014-10-08,2014-10-09,2014-10-15,2014-10-16,2014-10-17,2014-10-20,2014-11-03,2014-11-12,2014-11-12,2014-11-14,���ϻ���
399,IA,��������,1.5,"3,559.00",40,50,DSS,2014-09-29,2015-01-25,2014-09-04,2014-09-30,2014-09-30,2014-10-02,2014-10-06,2014-10-08,2014-10-08,2014-10-23,2014-11-07,2014-11-19,2014-11-19,����
400,IA,��������,1.5,"3,100.00",40,50,DSS,2014-09-29,2015-01-25,2014-09-04,2014-10-02,2014-10-06,2014-10-10,2014-10-15,2014-10-16,2014-10-16,2014-10-28,2014-10-28,2014-10-28,2014-10-28,����
401,IA,��������,1.5,"2,432.00",40,50,DSS,2014-09-29,2015-01-25,2014-09-04,2014-09-30,2014-10-02,2014-10-07,2014-10-10,2014-10-13,2014-10-13,2014-10-21,2014-10-21,2014-10-21,2014-10-21,����
402,FL,��������,12,"1,000.00",60,60,DSS,2014-11-21,2014-11-18,2014-09-15,2014-10-04,2014-10-04,2014-10-08,,2014-10-08,2014-10-16,2014-10-28,2014-11-08,2014-11-08,2014-11-12,���ϻ���
403,FL,��������,12,"4,646.00",60,60,DSS,2014-11-21,2014-11-18,2014-09-15,2014-10-06,2014-10-14,2014-10-17,2014-10-18,2014-10-21,2014-10-24,2014-11-06,2014-11-17,2014-11-17,2014-11-19,���ϻ���
404,PF,����(REV),4,0,,50,DSS,2014-10-30,2014-10-27,2015-05-12,,,,,,,,,,,�Ǿؿ�
405,PF,����(REV),30,0,,50,DSS,2014-10-30,2014-10-27,2015-05-14,2015-06-17,,,,,,,,,,����
406,PF,����(REV),30,0,,50,DSS,2014-10-30,2014-10-27,2015-05-14,2015-06-16,2015-06-19,,,,,,,,,����
407,PF,����(REV),36,0,,50,DSS,2014-10-30,2015-03-15,2015-02-02,2015-04-13,2015-04-21,2015-05-06,2015-05-08,2015-05-09,2015-05-09,2015-05-13,2015-05-15,2015-05-15,2015-05-21,�Ǿؿ�
408,PF,LT����,30,0,60,60,DSS,2014-11-18,2014-11-18,2015-03-04,2015-04-16,2015-04-18,2015-04-27,2015-06-10,2015-06-16,2015-06-16,,,,,����
409,PF,����(REV),30,0,60,60,DSS,2014-11-21,2014-11-18,2015-05-14,2015-06-11,2015-06-19,,,,,,,,,����
410,PF,���繮��,36,0,60,60,DSS,2014-11-21,2015-03-15,2015-02-02,2015-04-13,2015-04-21,2015-05-06,2015-05-08,2015-05-09,2015-05-09,2015-05-13,2015-05-15,2015-05-15,2015-05-21,�Ǿؿ�
411,PG,LT����,3,"1,855.00",,50,DSS,2014-10-30,2014-12-15,2014-11-04,2014-11-25,2014-11-26,2014-11-28,2014-12-06,2014-12-12,2014-12-12,2014-12-19,2014-12-20,2014-12-20,2014-12-20,����
412,PG,LT����,3,200,,50,DSS,2014-10-30,2014-12-15,2014-11-04,2014-11-24,2014-12-02,2014-12-04,2014-12-23,2015-01-03,2015-01-03,2015-01-08,2015-01-13,2015-01-13,2015-01-13,����
413,FL,LT����,6,500,60,60,DSS,2014-11-18,2015-03-24,2014-12-12,2014-12-29,,,,,,,,,,����
414,FL,����(REV),6,302,60,60,DSS,2014-11-18,2015-01-20,2014-12-12,2015-01-21,2015-01-22,2015-05-13,2015-05-14,2015-02-06,2015-02-06,2015-02-09,2015-02-14,2015-02-14,2015-02-15,����
415,PG,,2,566,60,60,DSS,,2015-03-24,,,,,,,,,,,,
416,PG,,2,202,60,60,DSS,,2015-03-24,,,,,,,,,,,,
417,DX,,2,281,60,60,DSS,,2015-03-24,,,,,,,,,,,,
418,DX,,2,676,60,60,DSS,,2015-03-24,,,,,,,,,,,,
419,DX,,2,"6,000.00",60,60,DSS,,2015-02-05,,,,,,,,,,,,
420,DX,,2,"2,350.00",60,60,DSS,,2015-03-24,,,,,,,,,,,,
421,DX,LT����,3,"3,358.00",60,60,DSS,2014-11-18,2015-03-05,2015-01-29,2015-02-11,2015-02-11,2015-02-13,2015-02-25,2015-03-03,2015-03-03,2015-03-06,2015-03-11,2015-03-11,2015-03-16,����
422,IA,����(REV),3,"1,345.00",40,50,DSS,2015-01-25,2015-01-25,2015-04-27,2015-05-13,,,,,,,,,,����
423,NI,,2,"2,968.00",40,50,DSS,,2015-01-25,,,,,,,,,,,,
424,NI,,2,880,40,50,DSS,,2015-01-25,,,,,,,,,,,,
425,NI,,2,"1,035.00",40,50,DSS,,2015-01-25,,,,,,,,,,,,
426,NI,����(REV),2,"5,000.00",40,50,DSS,2015-01-25,2015-01-25,2015-03-31,2015-06-16,2015-06-17,,,,,,,,,���ϻ���
427,NI,,2,"1,848.00",40,50,DSS,,2015-01-25,,,,,,,,,,,,
428,FL,,2,"2,817.00",40,50,DSS,,2015-01-25,,,,,,,,,,,,
429,FL,,2,"1,648.00",40,50,DSS,,2015-01-25,,,,,,,,,,,,
430,FL,,2,"1,174.00",40,50,DSS,,2015-01-25,,,,,,,,,,,,
431,FL,����(REV),2,"2,552.00",40,50,DSS,2015-01-25,2015-01-25,2015-04-27,2015-05-13,2015-05-13,2015-05-15,2015-05-19,2015-05-22,2015-05-22,2015-05-27,2015-06-01,2015-06-01,2015-06-08,����
432,PG,���蹮��,2,0,60,60,DSS,2014-11-18,2015-05-15,2015-04-10,,,,,,,,,,,���ϻ���
433,DH,��������,3,"1,934.00",40,50,SDSS,2014-09-02,2015-01-25,2014-06-18,2014-08-02,2014-08-21,2014-08-26,2014-09-20,2014-10-07,2014-10-07,2014-11-27,2014-12-09,2014-12-13,2014-12-15,�Ǿؿ�
434,DH,��������,3,"2,691.00",40,50,SDSS,2014-09-02,2015-01-25,2014-07-01,2014-09-30,2014-09-30,2014-10-13,2015-01-14,2015-01-28,2015-01-28,2015-02-04,2015-02-09,2015-02-10,2015-02-10,�Ǿؿ�
435,DH,��������,3,"5,500.00",60,60,SDSS,2014-11-21,2014-11-18,2014-09-26,2014-10-23,2014-10-23,2014-11-27,2014-12-08,2014-12-09,2014-12-09,2014-12-19,2014-12-25,2014-12-30,2014-12-30,�Ǿؿ�
436,DH,��������,3,"4,008.00",60,60,SDSS,2014-11-21,2014-11-18,2014-07-23,2014-09-15,2014-09-30,2014-09-24,2014-11-01,2014-11-19,2014-11-19,2014-12-16,2014-12-22,2014-12-22,2014-12-23,�Ǿؿ�
437,VA,LT����,6,"2,600.00",,50,DSS,2014-08-26,2014-11-01,2014-09-26,2014-10-24,2014-10-24,2014-10-30,2014-11-05,2014-11-08,2014-11-11,2014-12-13,2014-12-13,2014-12-15,2014-12-15,�Ǿؿ�
438,FW,����(REV),3,"6,000.00",60,60,TN,2014-11-21,2014-11-18,2014-07-23,2014-08-12,2014-08-12,2014-08-14,,2014-08-20,2014-08-20,2014-08-28,2014-09-03,2014-09-03,2014-09-04,����
439,FW,LT����,3,"2,754.00",60,60,TN,2014-11-21,2014-12-15,2014-11-12,2014-11-24,2014-11-25,2014-11-27,2014-12-01,2014-12-02,2014-12-02,2014-12-09,2014-12-15,2014-12-15,2014-12-15,����
440,FW,����(REV),3,"3,246.00",60,60,TN,2014-11-21,2014-11-18,2014-07-23,2014-08-08,2014-08-12,2014-08-14,2015-01-16,2014-08-29,2014-08-29,2014-09-11,2014-09-19,2014-09-19,2014-09-19,����
441,BL,LT����,12,"5,600.00",60,60,TN,2014-11-21,2014-12-05,2014-10-29,2014-12-23,2014-12-25,2014-12-31,2015-01-09,2015-01-15,2015-01-16,2015-01-20,2015-01-26,2015-01-29,2015-01-29,����
442,BL,��������,12,"3,156.00",60,60,TN,2014-11-21,2014-11-18,2014-07-23,2014-08-09,2014-08-09,2014-08-13,,2014-08-18,2014-08-18,2014-08-25,2014-08-29,2014-08-29,2014-08-29,����
443,FW,��������,4,"4,022.00",60,60,TN,2014-11-21,2014-11-18,2014-08-08,2014-08-16,2014-08-19,2014-08-21,2015-01-19,2014-08-29,2014-08-29,2014-09-10,2014-09-15,2014-09-15,2014-09-15,����
444,FW,���繮��,4,"2,779.00",,60,CN,2014-09-03,2015-04-11,2014-07-01,2014-11-04,2014-11-07,2014-11-11,2014-11-26,2014-11-29,2014-11-29,,,,2014-11-29,�¹�
445,FW,���蹮��,4,709,40,50,CN,2014-09-30,2015-01-20,2014-08-08,2014-10-09,2014-10-20,2014-10-21,2014-10-30,2014-11-05,2014-11-05,,,,2014-11-06,�¹�
446,FW,��������,4,745,40,50,CN,2014-09-30,2015-01-20,2014-08-08,2014-11-20,2014-11-21,2014-11-25,2014-12-04,2014-12-09,2014-12-09,,,,2014-12-09,�¹�
447,FW,��������,4,"3,178.00",40,50,CN,2014-09-30,2015-01-20,2014-08-08,2014-09-23,2014-09-24,2014-09-30,2014-10-09,2014-10-16,2014-10-16,,,,2014-10-16,�¹�
448,FW,��������,4,258,40,50,CN,2014-09-30,2015-01-20,2014-08-08,2014-09-24,2014-09-26,2014-10-07,2014-10-18,2014-10-20,2014-10-20,,,,2014-10-20,�¹�
449,FW,��������,2,969,40,50,CN,2014-09-30,2015-01-20,2014-08-08,2014-10-14,2014-10-20,2014-10-21,2014-10-30,2014-11-05,2014-11-05,,,,2014-11-06,�¹�
450,FW,LT����,2,"2,843.00",40,50,CN,2014-11-18,2015-03-05,2015-01-26,2015-02-05,2015-02-07,2015-02-10,2015-02-11,2015-02-16,2015-02-16,,,,2015-02-16,�¹�
451,FW,LT����,2,391,40,50,CN,2014-11-18,2015-03-05,2015-01-26,2015-02-09,2015-02-11,2015-02-24,2015-02-25,2015-03-07,2015-03-07,,,,2015-03-09,�¹�
452,FW,LT����,2,"2,641.00",,50,CN,2014-09-30,2014-12-13,2014-11-04,2014-12-02,2014-12-16,2014-12-17,2014-12-24,2015-01-03,2015-01-03,,,,2015-01-05,�¹�
453,FW,��������,2,"3,045.00",40,50,CN,2014-09-30,2015-01-20,2014-08-08,2014-09-29,2014-10-01,2014-10-07,2014-10-18,2014-10-20,2014-10-20,,,,2014-10-20,�¹�
454,FW,��������,2,540,40,50,CN,2014-09-30,2015-01-20,2014-08-08,2014-10-01,2014-10-03,2014-10-07,2014-10-18,2014-10-20,2014-10-20,,,,2014-10-20,�¹�
455,FW,��������,2,"2,303.00",,60,CN,2014-09-24,2014-12-31,2014-09-15,2014-10-03,2014-10-07,2014-10-10,2014-10-18,2014-10-20,2014-10-20,,,,2014-10-20,�¹�
456,CM,��������,12,300,40,50,LTCS,2014-09-30,2015-01-20,2014-08-21,2014-11-10,2014-11-10,2015-04-08,2015-04-15,2015-04-16,2015-04-16,2015-04-20,2015-05-07,2015-05-07,2015-05-11,����
457,CM,��������,12,0,40,50,LTCS,2014-09-03,2015-01-20,2014-06-20,2014-07-07,2014-07-08,2014-07-15,2014-07-22,2014-07-24,2014-07-25,2014-08-01,2014-08-21,2014-08-27,2014-08-27,����
458,CM,��������,12,524,40,50,LTCS,2014-09-03,2015-01-20,2014-07-10,2014-09-01,2014-09-01,2015-04-01,2015-04-10,2015-04-09,2015-04-10,2015-04-22,2015-04-30,2015-04-30,2015-05-07,����
459,CM,��������,12,300,40,50,LTCS,2014-09-30,2015-01-20,2014-08-21,2014-11-10,2014-11-10,2015-04-08,2015-04-15,2015-04-16,2015-04-16,2015-04-20,2015-05-07,2015-05-07,2015-05-11,����
460,CM,��������,12,450,40,50,LTCS,2014-09-30,2015-01-20,2014-08-21,2014-11-10,2014-11-10,2015-04-08,2015-04-15,2015-04-16,2015-04-16,2015-04-20,2015-05-07,2015-05-07,2015-05-11,����
461,CM,��������,2,810,,60,LTCS,2014-10-24,2015-04-11,2015-02-09,2015-03-18,2015-03-19,2015-04-17,2015-04-22,2015-04-23,2015-04-23,2015-05-04,2015-05-11,2015-05-11,2015-05-12,����
462,CM,����(REV),2,324,,50,LTCS,2014-10-27,2014-12-20,2014-11-13,2014-12-05,2014-12-05,2015-01-09,,2015-01-30,2015-02-02,2015-02-10,2015-02-17,2015-02-17,2015-02-17,����
463,CM,��������,2,810,,60,LTCS,2014-10-24,2015-04-11,2015-02-09,2015-03-16,2015-03-16,2015-04-02,2015-04-28,2015-04-29,2015-04-29,2015-05-13,2015-05-21,2015-05-21,2015-05-26,����
464,CM,����(REV),2,324,,60,LTCS,2014-10-27,2014-12-15,2014-11-13,2014-12-05,2014-12-05,2015-05-13,2015-05-20,2015-02-06,2015-02-07,2015-02-14,2015-02-26,2015-02-26,2015-02-26,����
465,CM,LT����,12,"1,076.00",40,50,LTCS,2014-11-18,2015-03-15,2015-02-03,2015-03-25,2015-03-25,2015-04-21,2015-05-23,2015-05-26,2015-05-28,2015-06-04,2015-06-11,2015-06-11,2015-06-13,����
466,CM,��������,12,977,40,50,LTCS,2014-09-30,2015-01-20,2014-10-14,2015-02-15,2015-02-15,2015-03-10,2015-03-27,2015-03-26,2015-03-27,2015-04-04,2015-04-14,2015-04-14,2015-04-14,����
467,PG,��������,4,"1,059.00",,50,SS,2014-10-27,2014-12-13,2014-10-08,2014-10-31,2014-11-01,2014-11-06,2014-11-14,2014-11-19,2014-11-25,2014-12-12,2014-12-23,2014-12-23,2014-12-26,���ϻ���
468,PG,LT����,10,495,30,50,SS,2014-08-28,2014-11-05,2014-10-03,2014-10-31,2014-11-03,2014-11-06,2014-11-25,2014-11-26,2014-12-01,2014-12-23,2014-12-29,2015-01-09,2015-01-10,���ϻ���
469,FH,����(REV),10,"2,500.00",40,50,SS,2014-11-18,2015-02-25,2015-01-15,2015-02-06,2015-02-09,2015-05-04,2015-05-11,2015-05-06,2015-05-11,2015-05-13,2015-05-23,2015-05-23,2015-05-27,���ϻ���
470,PG,,4,926,60,60,SS,,2014-11-18,,,,,,,,,,,,
471,FH,,8,617,40,50,SS,,2015-01-20,,,,,,,,,,,,
472,PG,����(REV),8,875,40,50,SS,2014-11-18,2015-04-10,2015-03-03,2015-06-10,2015-06-12,2015-06-17,,,,,,,,���ϻ���
473,PG,����(REV),10,328,,50,SS,2014-09-30,2014-10-27,2014-09-18,2014-10-23,2014-10-23,2014-10-28,2014-11-16,2014-11-19,2014-11-25,2014-12-12,2014-12-23,2014-12-23,2015-01-08,���ϻ���
474,FH,,8,617,,50,SS,,2014-10-27,,,,,,,,,,,,
475,FH,,10,"1,494.00",,50,SS,,2014-10-27,,,,,,,,,,,,
476,FH,,8,618,,50,SS,,2014-10-27,,,,,,,,,,,,
477,FH,,8,619,,50,SS,,2014-10-27,,,,,,,,,,,,
478,FH,,10,389,,50,SS,,2014-10-27,,,,,,,,,,,,
479,PG,����(REV),8,188,60,60,SS,2014-11-18,2014-11-18,2015-03-03,2015-03-10,2015-03-18,2015-03-20,2015-03-24,2015-03-24,2015-03-27,2015-04-16,2015-04-20,2015-04-20,2015-04-29,���ϻ���
480,PG,����(REV),10,401,60,60,SS,2014-11-21,2014-12-25,2014-11-17,2015-04-01,2015-04-03,2015-04-08,2015-04-11,2015-04-14,2015-04-18,2015-04-22,2015-04-27,2015-04-27,2015-05-11,���ϻ���
481,FH,����(REV),10,736,60,60,SS,2014-11-18,2015-02-25,2015-01-15,2015-02-14,2015-02-14,2015-02-25,2015-03-03,2015-02-26,2015-03-05,,,,2015-03-23,���ϻ���
482,PG,LT����,4,460,40,50,SS,2015-01-20,2015-04-25,2015-03-17,2015-04-06,2015-04-13,2015-04-16,2015-04-21,2015-04-22,2015-04-27,2015-04-30,2015-05-12,2015-05-12,2015-05-22,���ϻ���
483,PG,LT����,10,515,40,50,SS,2015-01-20,2015-04-05,2015-02-25,2015-03-31,2015-03-31,2015-04-07,2015-05-02,2015-05-04,2015-05-11,2015-05-13,2015-05-23,2015-05-23,2015-05-27,���ϻ���
484,PG,��������,4,"5,730.00",40,50,DSS,2014-08-28,2015-01-20,2014-08-26,2014-09-24,2014-10-01,2014-10-16,2014-10-21,2014-10-23,2014-10-23,2014-11-14,2014-11-20,2014-11-20,2014-11-20,����
485,PG,��������,4,"1,164.00",,50,DSS,2014-08-25,2014-10-21,2014-07-01,2014-07-21,2014-09-12,2014-09-16,2014-11-12,2014-11-14,2014-11-14,2014-11-20,2014-11-28,2014-11-29,2014-11-29,����
486,PG,LT����,4,710,,50,DSS,2014-10-27,2014-11-20,2014-10-14,2014-10-29,2014-10-29,2015-01-21,2015-01-23,2015-02-06,2015-02-06,2015-02-09,2015-02-14,2015-02-14,2015-02-15,����
487,PG,��������,8,0,,60,DSS,2014-09-03,2015-04-11,2014-06-20,2014-08-27,2014-08-28,2014-09-22,2014-10-01,2014-10-08,2014-10-08,2014-11-05,2014-11-11,2014-11-17,2014-11-17,����
488,PG,����(REV),8,810,,60,DSS,2014-10-27,2015-01-31,2014-11-04,2014-12-01,2014-12-03,2015-06-04,,2015-01-03,2015-01-03,2015-01-08,2015-01-13,2015-01-13,2015-01-13,����
489,PG,����(REV),8,"1,118.00",,50,DSS,2014-07-25,2014-10-21,2014-05-30,2014-06-16,2014-06-19,2014-06-20,2014-10-17,2014-10-20,2014-10-20,2014-10-28,2014-11-02,2014-11-02,2014-11-03,����
490,PG,��������,8,0,40,50,DSS,2014-09-03,2015-01-20,2014-06-20,2014-09-05,2014-09-05,2014-10-09,2014-10-22,2014-10-22,2014-10-23,2014-11-21,2014-11-25,2014-11-25,2014-11-25,����
491,PG,����(REV),8,"3,521.00",,60,DSS,2014-08-25,2015-04-22,2014-07-01,2014-07-22,2014-10-29,2014-10-31,,2014-11-04,2014-11-04,2014-12-03,2014-12-09,2014-12-09,2014-12-09,����
492,PG,��������,8,"1,052.00",,60,DSS,2014-08-25,2015-04-22,2014-07-01,2014-07-21,2014-09-12,2014-09-16,2014-09-18,2014-09-19,2014-09-19,2014-09-26,2014-10-02,2014-10-02,2014-10-03,����
493,PG,��������,8,"1,000.00",60,60,DSS,2014-11-21,2014-11-18,2014-09-26,2014-10-22,2014-10-22,2014-10-23,,2014-10-31,2014-10-31,,,,,�Ǿؿ�
494,FL,LT����,12,"1,084.00",40,50,DSS,2014-09-30,2015-01-20,2015-04-09,2015-04-21,2015-04-24,2015-04-28,2015-04-30,2015-04-30,2015-04-30,2015-05-08,2015-05-12,2015-05-12,2015-05-14,����
495,FL,LT����,12,"1,084.00",40,50,DSS,2014-09-30,2015-01-20,2015-04-09,2015-04-21,2015-04-27,2015-04-29,2015-05-06,2015-05-07,2015-05-07,2015-05-11,2015-05-16,2015-05-16,2015-05-20,����
496,FL,��������,12,401,40,50,DSS,2014-09-03,2015-01-20,2014-06-20,2014-12-18,2014-12-22,2014-12-31,2015-01-16,2015-01-20,2015-01-20,2015-02-02,2015-02-04,2015-02-05,2015-02-05,����
497,FL,��������,12,256,40,50,DSS,2014-09-03,2015-01-20,2014-06-20,2014-09-29,2014-09-29,2014-10-16,2014-10-21,2014-10-22,2014-10-23,2014-11-21,2014-11-25,2014-11-25,2014-11-25,����
498,FL,����(REV),12,407,40,50,DSS,2014-09-30,2015-01-20,2015-04-09,2015-04-24,2015-04-24,2015-04-28,2015-04-30,2015-04-30,2015-04-30,2015-05-08,2015-05-12,2015-05-12,2015-05-14,����
499,FL,,12,934,40,50,DSS,,2015-01-20,,,,,,,,,,,,
500,FL,��������,12,277,40,50,DSS,2014-09-03,2015-01-20,2014-06-20,2014-12-18,2014-12-22,2014-12-31,2015-01-08,2015-01-09,2015-01-09,2015-01-13,2015-01-19,2015-01-19,2015-01-20,����
